INSERT INTO APLICACION_BUS.PARADA (id, activa, calle, numero) values(1,'TRUE','CALLE 00',100);
INSERT INTO APLICACION_BUS.PARADA (id, activa, calle, numero) values(2,'TRUE','CALLE 00',200);
INSERT INTO APLICACION_BUS.PARADA (id, activa, calle, numero) values(3,'TRUE','CALLE 00',300);
INSERT INTO APLICACION_BUS.PARADA (id, activa, calle, numero) values(4,'TRUE','CALLE 00',400);
INSERT INTO APLICACION_BUS.PARADA (id, activa, calle, numero) values(5,'TRUE','CALLE 00',500);
INSERT INTO APLICACION_BUS.PARADA (id, activa, calle, numero) values(6,'TRUE','CALLE 00',600);
INSERT INTO APLICACION_BUS.PARADA (id, activa, calle, numero) values(7,'TRUE','CALLE 00',700);
INSERT INTO APLICACION_BUS.PARADA (id, activa, calle, numero) values(8,'TRUE','CALLE 00',800);
INSERT INTO APLICACION_BUS.PARADA (id, activa, calle, numero) values(9,'TRUE','CALLE 00',900);
INSERT INTO APLICACION_BUS.PARADA (id, activa, calle, numero) values(10,'TRUE','CALLE 00',1000);

INSERT INTO APLICACION_BUS.PARADA (id, activa, calle, numero) values(11,'TRUE','CALLE 01',100);
INSERT INTO APLICACION_BUS.PARADA (id, activa, calle, numero) values(12,'TRUE','CALLE 01',200);
INSERT INTO APLICACION_BUS.PARADA (id, activa, calle, numero) values(13,'TRUE','CALLE 01',300);
INSERT INTO APLICACION_BUS.PARADA (id, activa, calle, numero) values(14,'TRUE','CALLE 01',400);
INSERT INTO APLICACION_BUS.PARADA (id, activa, calle, numero) values(15,'TRUE','CALLE 01',500);
INSERT INTO APLICACION_BUS.PARADA (id, activa, calle, numero) values(16,'TRUE','CALLE 01',600);
INSERT INTO APLICACION_BUS.PARADA (id, activa, calle, numero) values(17,'TRUE','CALLE 01',700);
INSERT INTO APLICACION_BUS.PARADA (id, activa, calle, numero) values(18,'TRUE','CALLE 01',800);
INSERT INTO APLICACION_BUS.PARADA (id, activa, calle, numero) values(19,'TRUE','CALLE 01',900);
INSERT INTO APLICACION_BUS.PARADA (id, activa, calle, numero) values(20,'TRUE','CALLE 01',1000);

INSERT INTO APLICACION_BUS.PARADA (id, activa, calle, numero) values(21,'TRUE','CALLE 02',100);
INSERT INTO APLICACION_BUS.PARADA (id, activa, calle, numero) values(22,'TRUE','CALLE 02',200);
INSERT INTO APLICACION_BUS.PARADA (id, activa, calle, numero) values(23,'TRUE','CALLE 02',300);
INSERT INTO APLICACION_BUS.PARADA (id, activa, calle, numero) values(24,'TRUE','CALLE 02',400);
INSERT INTO APLICACION_BUS.PARADA (id, activa, calle, numero) values(25,'TRUE','CALLE 02',500);
INSERT INTO APLICACION_BUS.PARADA (id, activa, calle, numero) values(26,'TRUE','CALLE 02',600);
INSERT INTO APLICACION_BUS.PARADA (id, activa, calle, numero) values(27,'TRUE','CALLE 02',700);
INSERT INTO APLICACION_BUS.PARADA (id, activa, calle, numero) values(28,'TRUE','CALLE 02',800);
INSERT INTO APLICACION_BUS.PARADA (id, activa, calle, numero) values(29,'TRUE','CALLE 02',900);
INSERT INTO APLICACION_BUS.PARADA (id, activa, calle, numero) values(30,'TRUE','CALLE 02',1000);

INSERT INTO APLICACION_BUS.PARADA (id, activa, calle, numero) values(31,'TRUE','CALLE 03',100);
INSERT INTO APLICACION_BUS.PARADA (id, activa, calle, numero) values(32,'TRUE','CALLE 03',200);
INSERT INTO APLICACION_BUS.PARADA (id, activa, calle, numero) values(33,'TRUE','CALLE 03',300);
INSERT INTO APLICACION_BUS.PARADA (id, activa, calle, numero) values(34,'TRUE','CALLE 03',400);
INSERT INTO APLICACION_BUS.PARADA (id, activa, calle, numero) values(35,'TRUE','CALLE 03',500);
INSERT INTO APLICACION_BUS.PARADA (id, activa, calle, numero) values(36,'TRUE','CALLE 03',600);
INSERT INTO APLICACION_BUS.PARADA (id, activa, calle, numero) values(37,'TRUE','CALLE 03',700);
INSERT INTO APLICACION_BUS.PARADA (id, activa, calle, numero) values(38,'TRUE','CALLE 03',800);
INSERT INTO APLICACION_BUS.PARADA (id, activa, calle, numero) values(39,'TRUE','CALLE 03',900);
INSERT INTO APLICACION_BUS.PARADA (id, activa, calle, numero) values(40,'TRUE','CALLE 03',1000);

INSERT INTO APLICACION_BUS.PARADA (id, activa, calle, numero) values(41,'TRUE','CALLE 04',100);
INSERT INTO APLICACION_BUS.PARADA (id, activa, calle, numero) values(42,'TRUE','CALLE 04',200);
INSERT INTO APLICACION_BUS.PARADA (id, activa, calle, numero) values(43,'TRUE','CALLE 04',300);
INSERT INTO APLICACION_BUS.PARADA (id, activa, calle, numero) values(44,'TRUE','CALLE 04',400);
INSERT INTO APLICACION_BUS.PARADA (id, activa, calle, numero) values(45,'TRUE','CALLE 04',500);
INSERT INTO APLICACION_BUS.PARADA (id, activa, calle, numero) values(46,'TRUE','CALLE 04',600);
INSERT INTO APLICACION_BUS.PARADA (id, activa, calle, numero) values(47,'TRUE','CALLE 04',700);
INSERT INTO APLICACION_BUS.PARADA (id, activa, calle, numero) values(48,'TRUE','CALLE 04',800);
INSERT INTO APLICACION_BUS.PARADA (id, activa, calle, numero) values(49,'TRUE','CALLE 04',900);
INSERT INTO APLICACION_BUS.PARADA (id, activa, calle, numero) values(50,'TRUE','CALLE 04',1000);

INSERT INTO APLICACION_BUS.PARADA (id, activa, calle, numero) values(51,'TRUE','CALLE 05',100);
INSERT INTO APLICACION_BUS.PARADA (id, activa, calle, numero) values(52,'TRUE','CALLE 05',200);
INSERT INTO APLICACION_BUS.PARADA (id, activa, calle, numero) values(53,'TRUE','CALLE 05',300);
INSERT INTO APLICACION_BUS.PARADA (id, activa, calle, numero) values(54,'TRUE','CALLE 05',400);
INSERT INTO APLICACION_BUS.PARADA (id, activa, calle, numero) values(55,'TRUE','CALLE 05',500);
INSERT INTO APLICACION_BUS.PARADA (id, activa, calle, numero) values(56,'TRUE','CALLE 05',600);
INSERT INTO APLICACION_BUS.PARADA (id, activa, calle, numero) values(57,'TRUE','CALLE 05',700);
INSERT INTO APLICACION_BUS.PARADA (id, activa, calle, numero) values(58,'TRUE','CALLE 05',800);
INSERT INTO APLICACION_BUS.PARADA (id, activa, calle, numero) values(59,'TRUE','CALLE 05',900);
INSERT INTO APLICACION_BUS.PARADA (id, activa, calle, numero) values(60,'TRUE','CALLE 05',1000);

INSERT INTO APLICACION_BUS.PARADA (id, activa, calle, numero) values(61,'TRUE','CALLE 06',100);
INSERT INTO APLICACION_BUS.PARADA (id, activa, calle, numero) values(62,'TRUE','CALLE 06',200);
INSERT INTO APLICACION_BUS.PARADA (id, activa, calle, numero) values(63,'TRUE','CALLE 06',300);
INSERT INTO APLICACION_BUS.PARADA (id, activa, calle, numero) values(64,'TRUE','CALLE 06',400);
INSERT INTO APLICACION_BUS.PARADA (id, activa, calle, numero) values(65,'TRUE','CALLE 06',500);
INSERT INTO APLICACION_BUS.PARADA (id, activa, calle, numero) values(66,'TRUE','CALLE 06',600);
INSERT INTO APLICACION_BUS.PARADA (id, activa, calle, numero) values(67,'TRUE','CALLE 06',700);
INSERT INTO APLICACION_BUS.PARADA (id, activa, calle, numero) values(68,'TRUE','CALLE 06',800);
INSERT INTO APLICACION_BUS.PARADA (id, activa, calle, numero) values(69,'TRUE','CALLE 06',900);
INSERT INTO APLICACION_BUS.PARADA (id, activa, calle, numero) values(70,'TRUE','CALLE 06',1000);

INSERT INTO APLICACION_BUS.PARADA (id, activa, calle, numero) values(71,'TRUE','CALLE 07',100);
INSERT INTO APLICACION_BUS.PARADA (id, activa, calle, numero) values(72,'TRUE','CALLE 07',200);
INSERT INTO APLICACION_BUS.PARADA (id, activa, calle, numero) values(73,'TRUE','CALLE 07',300);
INSERT INTO APLICACION_BUS.PARADA (id, activa, calle, numero) values(74,'TRUE','CALLE 07',400);
INSERT INTO APLICACION_BUS.PARADA (id, activa, calle, numero) values(75,'TRUE','CALLE 07',500);
INSERT INTO APLICACION_BUS.PARADA (id, activa, calle, numero) values(76,'TRUE','CALLE 07',600);
INSERT INTO APLICACION_BUS.PARADA (id, activa, calle, numero) values(77,'TRUE','CALLE 07',700);
INSERT INTO APLICACION_BUS.PARADA (id, activa, calle, numero) values(78,'TRUE','CALLE 07',800);
INSERT INTO APLICACION_BUS.PARADA (id, activa, calle, numero) values(79,'TRUE','CALLE 07',900);
INSERT INTO APLICACION_BUS.PARADA (id, activa, calle, numero) values(80,'TRUE','CALLE 07',1000);

INSERT INTO APLICACION_BUS.PARADA (id, activa, calle, numero) values(81,'TRUE','CALLE 08',100);
INSERT INTO APLICACION_BUS.PARADA (id, activa, calle, numero) values(82,'TRUE','CALLE 08',200);
INSERT INTO APLICACION_BUS.PARADA (id, activa, calle, numero) values(83,'TRUE','CALLE 08',300);
INSERT INTO APLICACION_BUS.PARADA (id, activa, calle, numero) values(84,'TRUE','CALLE 08',400);
INSERT INTO APLICACION_BUS.PARADA (id, activa, calle, numero) values(85,'TRUE','CALLE 08',500);
INSERT INTO APLICACION_BUS.PARADA (id, activa, calle, numero) values(86,'TRUE','CALLE 08',600);
INSERT INTO APLICACION_BUS.PARADA (id, activa, calle, numero) values(87,'TRUE','CALLE 08',700);
INSERT INTO APLICACION_BUS.PARADA (id, activa, calle, numero) values(88,'TRUE','CALLE 08',800);
INSERT INTO APLICACION_BUS.PARADA (id, activa, calle, numero) values(89,'TRUE','CALLE 08',900);
INSERT INTO APLICACION_BUS.PARADA (id, activa, calle, numero) values(90,'TRUE','CALLE 08',1000);

INSERT INTO APLICACION_BUS.PARADA (id, activa, calle, numero) values(91,'TRUE','CALLE 09',100);
INSERT INTO APLICACION_BUS.PARADA (id, activa, calle, numero) values(92,'TRUE','CALLE 09',200);
INSERT INTO APLICACION_BUS.PARADA (id, activa, calle, numero) values(93,'TRUE','CALLE 09',300);
INSERT INTO APLICACION_BUS.PARADA (id, activa, calle, numero) values(94,'TRUE','CALLE 09',400);
INSERT INTO APLICACION_BUS.PARADA (id, activa, calle, numero) values(95,'TRUE','CALLE 09',500);
INSERT INTO APLICACION_BUS.PARADA (id, activa, calle, numero) values(96,'TRUE','CALLE 09',600);
INSERT INTO APLICACION_BUS.PARADA (id, activa, calle, numero) values(97,'TRUE','CALLE 09',700);
INSERT INTO APLICACION_BUS.PARADA (id, activa, calle, numero) values(98,'TRUE','CALLE 09',800);
INSERT INTO APLICACION_BUS.PARADA (id, activa, calle, numero) values(99,'TRUE','CALLE 09',900);
INSERT INTO APLICACION_BUS.PARADA (id, activa, calle, numero) values(100,'TRUE','CALLE 09',1000);

INSERT INTO APLICACION_BUS.PARADA (id, activa, calle, numero) values(101,'TRUE','CALLE 10',100);
INSERT INTO APLICACION_BUS.PARADA (id, activa, calle, numero) values(102,'TRUE','CALLE 10',200);
INSERT INTO APLICACION_BUS.PARADA (id, activa, calle, numero) values(103,'TRUE','CALLE 10',300);
INSERT INTO APLICACION_BUS.PARADA (id, activa, calle, numero) values(104,'TRUE','CALLE 10',400);
INSERT INTO APLICACION_BUS.PARADA (id, activa, calle, numero) values(105,'TRUE','CALLE 10',500);
INSERT INTO APLICACION_BUS.PARADA (id, activa, calle, numero) values(106,'TRUE','CALLE 10',600);
INSERT INTO APLICACION_BUS.PARADA (id, activa, calle, numero) values(107,'TRUE','CALLE 10',700);
INSERT INTO APLICACION_BUS.PARADA (id, activa, calle, numero) values(108,'TRUE','CALLE 10',800);
INSERT INTO APLICACION_BUS.PARADA (id, activa, calle, numero) values(109,'TRUE','CALLE 10',900);
INSERT INTO APLICACION_BUS.PARADA (id, activa, calle, numero) values(110,'TRUE','CALLE 10',1000);

INSERT INTO APLICACION_BUS.PARADA (id, activa, calle, numero) values(111,'TRUE','CALLE 11',100);
INSERT INTO APLICACION_BUS.PARADA (id, activa, calle, numero) values(112,'TRUE','CALLE 11',200);
INSERT INTO APLICACION_BUS.PARADA (id, activa, calle, numero) values(113,'TRUE','CALLE 11',300);
INSERT INTO APLICACION_BUS.PARADA (id, activa, calle, numero) values(114,'TRUE','CALLE 11',400);
INSERT INTO APLICACION_BUS.PARADA (id, activa, calle, numero) values(115,'TRUE','CALLE 11',500);
INSERT INTO APLICACION_BUS.PARADA (id, activa, calle, numero) values(116,'TRUE','CALLE 11',600);
INSERT INTO APLICACION_BUS.PARADA (id, activa, calle, numero) values(117,'TRUE','CALLE 11',700);
INSERT INTO APLICACION_BUS.PARADA (id, activa, calle, numero) values(118,'TRUE','CALLE 11',800);
INSERT INTO APLICACION_BUS.PARADA (id, activa, calle, numero) values(119,'TRUE','CALLE 11',900);
INSERT INTO APLICACION_BUS.PARADA (id, activa, calle, numero) values(120,'TRUE','CALLE 11',1000);

INSERT INTO APLICACION_BUS.PARADA (id, activa, calle, numero) values(121,'TRUE','CALLE 12',100);
INSERT INTO APLICACION_BUS.PARADA (id, activa, calle, numero) values(122,'TRUE','CALLE 12',200);
INSERT INTO APLICACION_BUS.PARADA (id, activa, calle, numero) values(123,'TRUE','CALLE 12',300);
INSERT INTO APLICACION_BUS.PARADA (id, activa, calle, numero) values(124,'TRUE','CALLE 12',400);
INSERT INTO APLICACION_BUS.PARADA (id, activa, calle, numero) values(125,'FALSE','CALLE 12',500);
INSERT INTO APLICACION_BUS.PARADA (id, activa, calle, numero) values(126,'TRUE','CALLE 12',600);
INSERT INTO APLICACION_BUS.PARADA (id, activa, calle, numero) values(127,'TRUE','CALLE 12',700);
INSERT INTO APLICACION_BUS.PARADA (id, activa, calle, numero) values(128,'TRUE','CALLE 12',800);
INSERT INTO APLICACION_BUS.PARADA (id, activa, calle, numero) values(129,'TRUE','CALLE 12',900);
INSERT INTO APLICACION_BUS.PARADA (id, activa, calle, numero) values(130,'TRUE','CALLE 12',1000);

INSERT INTO APLICACION_BUS.PARADA (id, activa, calle, numero) values(131,'TRUE','CALLE 13',100);
INSERT INTO APLICACION_BUS.PARADA (id, activa, calle, numero) values(132,'TRUE','CALLE 13',200);
INSERT INTO APLICACION_BUS.PARADA (id, activa, calle, numero) values(133,'TRUE','CALLE 13',300);
INSERT INTO APLICACION_BUS.PARADA (id, activa, calle, numero) values(134,'TRUE','CALLE 13',400);
INSERT INTO APLICACION_BUS.PARADA (id, activa, calle, numero) values(135,'TRUE','CALLE 13',500);
INSERT INTO APLICACION_BUS.PARADA (id, activa, calle, numero) values(136,'TRUE','CALLE 13',600);
INSERT INTO APLICACION_BUS.PARADA (id, activa, calle, numero) values(137,'TRUE','CALLE 13',700);
INSERT INTO APLICACION_BUS.PARADA (id, activa, calle, numero) values(138,'TRUE','CALLE 13',800);
INSERT INTO APLICACION_BUS.PARADA (id, activa, calle, numero) values(139,'TRUE','CALLE 13',900);
INSERT INTO APLICACION_BUS.PARADA (id, activa, calle, numero) values(140,'TRUE','CALLE 13',1000);

INSERT INTO APLICACION_BUS.PARADA (id, activa, calle, numero) values(141,'TRUE','CALLE 14',100);
INSERT INTO APLICACION_BUS.PARADA (id, activa, calle, numero) values(142,'TRUE','CALLE 14',200);
INSERT INTO APLICACION_BUS.PARADA (id, activa, calle, numero) values(143,'TRUE','CALLE 14',300);
INSERT INTO APLICACION_BUS.PARADA (id, activa, calle, numero) values(144,'TRUE','CALLE 14',400);
INSERT INTO APLICACION_BUS.PARADA (id, activa, calle, numero) values(145,'TRUE','CALLE 14',500);
INSERT INTO APLICACION_BUS.PARADA (id, activa, calle, numero) values(146,'TRUE','CALLE 14',600);
INSERT INTO APLICACION_BUS.PARADA (id, activa, calle, numero) values(147,'TRUE','CALLE 14',700);
INSERT INTO APLICACION_BUS.PARADA (id, activa, calle, numero) values(148,'TRUE','CALLE 14',800);
INSERT INTO APLICACION_BUS.PARADA (id, activa, calle, numero) values(149,'TRUE','CALLE 14',900);
INSERT INTO APLICACION_BUS.PARADA (id, activa, calle, numero) values(150,'TRUE','CALLE 14',1000);

INSERT INTO APLICACION_BUS.PARADA (id, activa, calle, numero) values(151,'TRUE','CALLE 15',100);
INSERT INTO APLICACION_BUS.PARADA (id, activa, calle, numero) values(152,'TRUE','CALLE 15',200);
INSERT INTO APLICACION_BUS.PARADA (id, activa, calle, numero) values(153,'TRUE','CALLE 15',300);
INSERT INTO APLICACION_BUS.PARADA (id, activa, calle, numero) values(154,'TRUE','CALLE 15',400);
INSERT INTO APLICACION_BUS.PARADA (id, activa, calle, numero) values(155,'TRUE','CALLE 15',500);
INSERT INTO APLICACION_BUS.PARADA (id, activa, calle, numero) values(156,'TRUE','CALLE 15',600);
INSERT INTO APLICACION_BUS.PARADA (id, activa, calle, numero) values(157,'TRUE','CALLE 15',700);
INSERT INTO APLICACION_BUS.PARADA (id, activa, calle, numero) values(158,'TRUE','CALLE 15',800);
INSERT INTO APLICACION_BUS.PARADA (id, activa, calle, numero) values(159,'TRUE','CALLE 15',900);
INSERT INTO APLICACION_BUS.PARADA (id, activa, calle, numero) values(160,'TRUE','CALLE 15',1000);

INSERT INTO APLICACION_BUS.PARADA (id, activa, calle, numero) values(161,'TRUE','CALLE 16',100);
INSERT INTO APLICACION_BUS.PARADA (id, activa, calle, numero) values(162,'TRUE','CALLE 16',200);
INSERT INTO APLICACION_BUS.PARADA (id, activa, calle, numero) values(163,'TRUE','CALLE 16',300);
INSERT INTO APLICACION_BUS.PARADA (id, activa, calle, numero) values(164,'TRUE','CALLE 16',400);
INSERT INTO APLICACION_BUS.PARADA (id, activa, calle, numero) values(165,'TRUE','CALLE 16',500);
INSERT INTO APLICACION_BUS.PARADA (id, activa, calle, numero) values(166,'TRUE','CALLE 16',600);
INSERT INTO APLICACION_BUS.PARADA (id, activa, calle, numero) values(167,'TRUE','CALLE 16',700);
INSERT INTO APLICACION_BUS.PARADA (id, activa, calle, numero) values(168,'TRUE','CALLE 16',800);
INSERT INTO APLICACION_BUS.PARADA (id, activa, calle, numero) values(169,'TRUE','CALLE 16',900);
INSERT INTO APLICACION_BUS.PARADA (id, activa, calle, numero) values(170,'TRUE','CALLE 16',1000);

INSERT INTO APLICACION_BUS.PARADA (id, activa, calle, numero) values(171,'TRUE','CALLE 17',100);
INSERT INTO APLICACION_BUS.PARADA (id, activa, calle, numero) values(172,'TRUE','CALLE 17',200);
INSERT INTO APLICACION_BUS.PARADA (id, activa, calle, numero) values(173,'TRUE','CALLE 17',300);
INSERT INTO APLICACION_BUS.PARADA (id, activa, calle, numero) values(174,'TRUE','CALLE 17',400);
INSERT INTO APLICACION_BUS.PARADA (id, activa, calle, numero) values(175,'TRUE','CALLE 17',500);
INSERT INTO APLICACION_BUS.PARADA (id, activa, calle, numero) values(176,'TRUE','CALLE 17',600);
INSERT INTO APLICACION_BUS.PARADA (id, activa, calle, numero) values(177,'TRUE','CALLE 17',700);
INSERT INTO APLICACION_BUS.PARADA (id, activa, calle, numero) values(178,'TRUE','CALLE 17',800);
INSERT INTO APLICACION_BUS.PARADA (id, activa, calle, numero) values(179,'TRUE','CALLE 17',900);
INSERT INTO APLICACION_BUS.PARADA (id, activa, calle, numero) values(180,'TRUE','CALLE 17',1000);

INSERT INTO APLICACION_BUS.PARADA (id, activa, calle, numero) values(181,'TRUE','CALLE 18',100);
INSERT INTO APLICACION_BUS.PARADA (id, activa, calle, numero) values(182,'TRUE','CALLE 18',200);
INSERT INTO APLICACION_BUS.PARADA (id, activa, calle, numero) values(183,'TRUE','CALLE 18',300);
INSERT INTO APLICACION_BUS.PARADA (id, activa, calle, numero) values(184,'TRUE','CALLE 18',400);
INSERT INTO APLICACION_BUS.PARADA (id, activa, calle, numero) values(185,'TRUE','CALLE 18',500);
INSERT INTO APLICACION_BUS.PARADA (id, activa, calle, numero) values(186,'TRUE','CALLE 18',600);
INSERT INTO APLICACION_BUS.PARADA (id, activa, calle, numero) values(187,'TRUE','CALLE 18',700);
INSERT INTO APLICACION_BUS.PARADA (id, activa, calle, numero) values(188,'TRUE','CALLE 18',800);
INSERT INTO APLICACION_BUS.PARADA (id, activa, calle, numero) values(189,'TRUE','CALLE 18',900);
INSERT INTO APLICACION_BUS.PARADA (id, activa, calle, numero) values(190,'TRUE','CALLE 18',1000);

INSERT INTO APLICACION_BUS.PARADA (id, activa, calle, numero) values(191,'TRUE','CALLE 19',100);
INSERT INTO APLICACION_BUS.PARADA (id, activa, calle, numero) values(192,'TRUE','CALLE 19',200);
INSERT INTO APLICACION_BUS.PARADA (id, activa, calle, numero) values(193,'TRUE','CALLE 19',300);
INSERT INTO APLICACION_BUS.PARADA (id, activa, calle, numero) values(194,'TRUE','CALLE 19',400);
INSERT INTO APLICACION_BUS.PARADA (id, activa, calle, numero) values(195,'TRUE','CALLE 19',500);
INSERT INTO APLICACION_BUS.PARADA (id, activa, calle, numero) values(196,'TRUE','CALLE 19',600);
INSERT INTO APLICACION_BUS.PARADA (id, activa, calle, numero) values(197,'TRUE','CALLE 19',700);
INSERT INTO APLICACION_BUS.PARADA (id, activa, calle, numero) values(198,'TRUE','CALLE 19',800);
INSERT INTO APLICACION_BUS.PARADA (id, activa, calle, numero) values(199,'TRUE','CALLE 19',900);
INSERT INTO APLICACION_BUS.PARADA (id, activa, calle, numero) values(200,'TRUE','CALLE 19',1000);

INSERT INTO APLICACION_BUS.PARADA (id, activa, calle, numero) values(201,'TRUE','CALLE 20',100);
INSERT INTO APLICACION_BUS.PARADA (id, activa, calle, numero) values(202,'TRUE','CALLE 20',200);
INSERT INTO APLICACION_BUS.PARADA (id, activa, calle, numero) values(203,'TRUE','CALLE 20',300);
INSERT INTO APLICACION_BUS.PARADA (id, activa, calle, numero) values(204,'TRUE','CALLE 20',400);
INSERT INTO APLICACION_BUS.PARADA (id, activa, calle, numero) values(205,'TRUE','CALLE 20',500);
INSERT INTO APLICACION_BUS.PARADA (id, activa, calle, numero) values(206,'TRUE','CALLE 20',600);
INSERT INTO APLICACION_BUS.PARADA (id, activa, calle, numero) values(207,'TRUE','CALLE 20',700);
INSERT INTO APLICACION_BUS.PARADA (id, activa, calle, numero) values(208,'TRUE','CALLE 20',800);
INSERT INTO APLICACION_BUS.PARADA (id, activa, calle, numero) values(209,'TRUE','CALLE 20',900);
INSERT INTO APLICACION_BUS.PARADA (id, activa, calle, numero) values(210,'TRUE','CALLE 20',1000);

INSERT INTO APLICACION_BUS.PARADA (id, activa, calle, numero) values(211,'TRUE','CALLE 21',100);
INSERT INTO APLICACION_BUS.PARADA (id, activa, calle, numero) values(212,'TRUE','CALLE 21',200);
INSERT INTO APLICACION_BUS.PARADA (id, activa, calle, numero) values(213,'TRUE','CALLE 21',300);
INSERT INTO APLICACION_BUS.PARADA (id, activa, calle, numero) values(214,'TRUE','CALLE 21',400);
INSERT INTO APLICACION_BUS.PARADA (id, activa, calle, numero) values(215,'TRUE','CALLE 21',500);
INSERT INTO APLICACION_BUS.PARADA (id, activa, calle, numero) values(216,'TRUE','CALLE 21',600);
INSERT INTO APLICACION_BUS.PARADA (id, activa, calle, numero) values(217,'TRUE','CALLE 21',700);
INSERT INTO APLICACION_BUS.PARADA (id, activa, calle, numero) values(218,'TRUE','CALLE 21',800);
INSERT INTO APLICACION_BUS.PARADA (id, activa, calle, numero) values(219,'TRUE','CALLE 21',900);
INSERT INTO APLICACION_BUS.PARADA (id, activa, calle, numero) values(220,'TRUE','CALLE 21',1000);

--Calle0 -> (Completa)
INSERT INTO APLICACION_BUS.CAMINO (idOrigen, idDestino, distancia, duracion, activa) values (1,2,200,2,'true');
INSERT INTO APLICACION_BUS.CAMINO (idOrigen, idDestino, distancia, duracion, activa) values (2,3,200,2,'true');
INSERT INTO APLICACION_BUS.CAMINO (idOrigen, idDestino, distancia, duracion, activa) values (2,51,200,2,'true');
INSERT INTO APLICACION_BUS.CAMINO (idOrigen, idDestino, distancia, duracion, activa) values (3,4,200,2,'true');
INSERT INTO APLICACION_BUS.CAMINO (idOrigen, idDestino, distancia, duracion, activa) values (4,5,200,2,'true');
INSERT INTO APLICACION_BUS.CAMINO (idOrigen, idDestino, distancia, duracion, activa) values (4,91,200,2,'true');
INSERT INTO APLICACION_BUS.CAMINO (idOrigen, idDestino, distancia, duracion, activa) values (5,6,200,2,'true');
INSERT INTO APLICACION_BUS.CAMINO (idOrigen, idDestino, distancia, duracion, activa) values (6,7,200,2,'true');
INSERT INTO APLICACION_BUS.CAMINO (idOrigen, idDestino, distancia, duracion, activa) values (6,131,200,2,'true');
INSERT INTO APLICACION_BUS.CAMINO (idOrigen, idDestino, distancia, duracion, activa) values (7,8,200,2,'true');
INSERT INTO APLICACION_BUS.CAMINO (idOrigen, idDestino, distancia, duracion, activa) values (8,9,200,2,'true');
INSERT INTO APLICACION_BUS.CAMINO (idOrigen, idDestino, distancia, duracion, activa) values (8,171,200,2,'true');

--Calle1 -> (Completa)
INSERT INTO APLICACION_BUS.CAMINO (idOrigen, idDestino, distancia, duracion, activa) values (11,12,200,2,'true');
INSERT INTO APLICACION_BUS.CAMINO (idOrigen, idDestino, distancia, duracion, activa) values (12,13,200,2,'true');
INSERT INTO APLICACION_BUS.CAMINO (idOrigen, idDestino, distancia, duracion, activa) values (12,41,200,2,'true');
INSERT INTO APLICACION_BUS.CAMINO (idOrigen, idDestino, distancia, duracion, activa) values (13,14,200,2,'true');
INSERT INTO APLICACION_BUS.CAMINO (idOrigen, idDestino, distancia, duracion, activa) values (14,15,200,2,'true');
INSERT INTO APLICACION_BUS.CAMINO (idOrigen, idDestino, distancia, duracion, activa) values (14,81,200,2,'true');
INSERT INTO APLICACION_BUS.CAMINO (idOrigen, idDestino, distancia, duracion, activa) values (15,16,200,2,'true');
INSERT INTO APLICACION_BUS.CAMINO (idOrigen, idDestino, distancia, duracion, activa) values (16,17,200,2,'true');
INSERT INTO APLICACION_BUS.CAMINO (idOrigen, idDestino, distancia, duracion, activa) values (16,121,200,2,'true');
INSERT INTO APLICACION_BUS.CAMINO (idOrigen, idDestino, distancia, duracion, activa) values (17,18,200,2,'true');
INSERT INTO APLICACION_BUS.CAMINO (idOrigen, idDestino, distancia, duracion, activa) values (18,19,200,2,'true');
INSERT INTO APLICACION_BUS.CAMINO (idOrigen, idDestino, distancia, duracion, activa) values (18,161,200,2,'true');
INSERT INTO APLICACION_BUS.CAMINO (idOrigen, idDestino, distancia, duracion, activa) values (19,20,200,2,'true');
INSERT INTO APLICACION_BUS.CAMINO (idOrigen, idDestino, distancia, duracion, activa) values (20,201,200,2,'true');

--Calle2 <- (Completa)
INSERT INTO APLICACION_BUS.CAMINO (idOrigen, idDestino, distancia, duracion, activa) values (29,28,200,2,'true');
INSERT INTO APLICACION_BUS.CAMINO (idOrigen, idDestino, distancia, duracion, activa) values (29,172,200,2,'true');
INSERT INTO APLICACION_BUS.CAMINO (idOrigen, idDestino, distancia, duracion, activa) values (28,27,200,2,'true');
INSERT INTO APLICACION_BUS.CAMINO (idOrigen, idDestino, distancia, duracion, activa) values (28,151,200,2,'true');
INSERT INTO APLICACION_BUS.CAMINO (idOrigen, idDestino, distancia, duracion, activa) values (27,26,200,2,'true');
INSERT INTO APLICACION_BUS.CAMINO (idOrigen, idDestino, distancia, duracion, activa) values (27,132,200,2,'true');
INSERT INTO APLICACION_BUS.CAMINO (idOrigen, idDestino, distancia, duracion, activa) values (26,25,200,2,'true');
INSERT INTO APLICACION_BUS.CAMINO (idOrigen, idDestino, distancia, duracion, activa) values (26,111,200,2,'true');
INSERT INTO APLICACION_BUS.CAMINO (idOrigen, idDestino, distancia, duracion, activa) values (25,24,200,2,'true');
INSERT INTO APLICACION_BUS.CAMINO (idOrigen, idDestino, distancia, duracion, activa) values (25,92,200,2,'true');
INSERT INTO APLICACION_BUS.CAMINO (idOrigen, idDestino, distancia, duracion, activa) values (24,23,200,2,'true');
INSERT INTO APLICACION_BUS.CAMINO (idOrigen, idDestino, distancia, duracion, activa) values (24,71,200,2,'true');
INSERT INTO APLICACION_BUS.CAMINO (idOrigen, idDestino, distancia, duracion, activa) values (23,22,200,2,'true');
INSERT INTO APLICACION_BUS.CAMINO (idOrigen, idDestino, distancia, duracion, activa) values (23,52,200,2,'true');
INSERT INTO APLICACION_BUS.CAMINO (idOrigen, idDestino, distancia, duracion, activa) values (22,21,200,2,'true');
INSERT INTO APLICACION_BUS.CAMINO (idOrigen, idDestino, distancia, duracion, activa) values (22,31,200,2,'true');
INSERT INTO APLICACION_BUS.CAMINO (idOrigen, idDestino, distancia, duracion, activa) values (21,12,200,2,'true');

--Calle3 <- (Completa)
INSERT INTO APLICACION_BUS.CAMINO (idOrigen, idDestino, distancia, duracion, activa) values (40,39,200,2,'true');
INSERT INTO APLICACION_BUS.CAMINO (idOrigen, idDestino, distancia, duracion, activa) values (40,181,200,2,'true');
INSERT INTO APLICACION_BUS.CAMINO (idOrigen, idDestino, distancia, duracion, activa) values (39,38,200,2,'true');
INSERT INTO APLICACION_BUS.CAMINO (idOrigen, idDestino, distancia, duracion, activa) values (39,162,200,2,'true');
INSERT INTO APLICACION_BUS.CAMINO (idOrigen, idDestino, distancia, duracion, activa) values (38,37,200,2,'true');
INSERT INTO APLICACION_BUS.CAMINO (idOrigen, idDestino, distancia, duracion, activa) values (38,141,200,2,'true');
INSERT INTO APLICACION_BUS.CAMINO (idOrigen, idDestino, distancia, duracion, activa) values (37,36,200,2,'true');
INSERT INTO APLICACION_BUS.CAMINO (idOrigen, idDestino, distancia, duracion, activa) values (37,122,200,2,'true');
INSERT INTO APLICACION_BUS.CAMINO (idOrigen, idDestino, distancia, duracion, activa) values (36,35,200,2,'true');
INSERT INTO APLICACION_BUS.CAMINO (idOrigen, idDestino, distancia, duracion, activa) values (36,101,200,2,'true');
INSERT INTO APLICACION_BUS.CAMINO (idOrigen, idDestino, distancia, duracion, activa) values (35,34,200,2,'true');
INSERT INTO APLICACION_BUS.CAMINO (idOrigen, idDestino, distancia, duracion, activa) values (35,82,200,2,'true');
INSERT INTO APLICACION_BUS.CAMINO (idOrigen, idDestino, distancia, duracion, activa) values (34,33,200,2,'true');
INSERT INTO APLICACION_BUS.CAMINO (idOrigen, idDestino, distancia, duracion, activa) values (34,61,200,2,'true');
INSERT INTO APLICACION_BUS.CAMINO (idOrigen, idDestino, distancia, duracion, activa) values (33,32,200,2,'true');
INSERT INTO APLICACION_BUS.CAMINO (idOrigen, idDestino, distancia, duracion, activa) values (33,42,200,2,'true');
INSERT INTO APLICACION_BUS.CAMINO (idOrigen, idDestino, distancia, duracion, activa) values (32,31,200,2,'true');
INSERT INTO APLICACION_BUS.CAMINO (idOrigen, idDestino, distancia, duracion, activa) values (32,21,200,2,'true');
INSERT INTO APLICACION_BUS.CAMINO (idOrigen, idDestino, distancia, duracion, activa) values (31,2,200,2,'true');

--Calle4 -> (Completa)
INSERT INTO APLICACION_BUS.CAMINO (idOrigen, idDestino, distancia, duracion, activa) values (41,42,200,2,'true');
INSERT INTO APLICACION_BUS.CAMINO (idOrigen, idDestino, distancia, duracion, activa) values (41,32,200,2,'true');
INSERT INTO APLICACION_BUS.CAMINO (idOrigen, idDestino, distancia, duracion, activa) values (42,43,200,2,'true');
INSERT INTO APLICACION_BUS.CAMINO (idOrigen, idDestino, distancia, duracion, activa) values (42,53,200,2,'true');
INSERT INTO APLICACION_BUS.CAMINO (idOrigen, idDestino, distancia, duracion, activa) values (43,44,200,2,'true');
INSERT INTO APLICACION_BUS.CAMINO (idOrigen, idDestino, distancia, duracion, activa) values (43,72,200,2,'true');
INSERT INTO APLICACION_BUS.CAMINO (idOrigen, idDestino, distancia, duracion, activa) values (44,45,200,2,'true');
INSERT INTO APLICACION_BUS.CAMINO (idOrigen, idDestino, distancia, duracion, activa) values (44,93,200,2,'true');
INSERT INTO APLICACION_BUS.CAMINO (idOrigen, idDestino, distancia, duracion, activa) values (45,46,200,2,'true');
INSERT INTO APLICACION_BUS.CAMINO (idOrigen, idDestino, distancia, duracion, activa) values (45,112,200,2,'true');
INSERT INTO APLICACION_BUS.CAMINO (idOrigen, idDestino, distancia, duracion, activa) values (46,47,200,2,'true');
INSERT INTO APLICACION_BUS.CAMINO (idOrigen, idDestino, distancia, duracion, activa) values (46,133,200,2,'true');
INSERT INTO APLICACION_BUS.CAMINO (idOrigen, idDestino, distancia, duracion, activa) values (47,48,200,2,'true');
INSERT INTO APLICACION_BUS.CAMINO (idOrigen, idDestino, distancia, duracion, activa) values (47,152,200,2,'true');
INSERT INTO APLICACION_BUS.CAMINO (idOrigen, idDestino, distancia, duracion, activa) values (48,49,200,2,'true');
INSERT INTO APLICACION_BUS.CAMINO (idOrigen, idDestino, distancia, duracion, activa) values (48,173,200,2,'true');
INSERT INTO APLICACION_BUS.CAMINO (idOrigen, idDestino, distancia, duracion, activa) values (49,192,200,2,'true');

--Calle5 -> (Completa)
INSERT INTO APLICACION_BUS.CAMINO (idOrigen, idDestino, distancia, duracion, activa) values (51,52,200,2,'true');
INSERT INTO APLICACION_BUS.CAMINO (idOrigen, idDestino, distancia, duracion, activa) values (51,22,200,2,'true');
INSERT INTO APLICACION_BUS.CAMINO (idOrigen, idDestino, distancia, duracion, activa) values (52,53,200,2,'true');
INSERT INTO APLICACION_BUS.CAMINO (idOrigen, idDestino, distancia, duracion, activa) values (52,43,200,2,'true');
INSERT INTO APLICACION_BUS.CAMINO (idOrigen, idDestino, distancia, duracion, activa) values (53,54,200,2,'true');
INSERT INTO APLICACION_BUS.CAMINO (idOrigen, idDestino, distancia, duracion, activa) values (53,62,200,2,'true');
INSERT INTO APLICACION_BUS.CAMINO (idOrigen, idDestino, distancia, duracion, activa) values (54,55,200,2,'true');
INSERT INTO APLICACION_BUS.CAMINO (idOrigen, idDestino, distancia, duracion, activa) values (54,83,200,2,'true');
INSERT INTO APLICACION_BUS.CAMINO (idOrigen, idDestino, distancia, duracion, activa) values (55,56,200,2,'true');
INSERT INTO APLICACION_BUS.CAMINO (idOrigen, idDestino, distancia, duracion, activa) values (55,102,200,2,'true');
INSERT INTO APLICACION_BUS.CAMINO (idOrigen, idDestino, distancia, duracion, activa) values (56,57,200,2,'true');
INSERT INTO APLICACION_BUS.CAMINO (idOrigen, idDestino, distancia, duracion, activa) values (56,123,200,2,'true');
INSERT INTO APLICACION_BUS.CAMINO (idOrigen, idDestino, distancia, duracion, activa) values (57,58,200,2,'true');
INSERT INTO APLICACION_BUS.CAMINO (idOrigen, idDestino, distancia, duracion, activa) values (57,142,200,2,'true');
INSERT INTO APLICACION_BUS.CAMINO (idOrigen, idDestino, distancia, duracion, activa) values (58,59,200,2,'true');
INSERT INTO APLICACION_BUS.CAMINO (idOrigen, idDestino, distancia, duracion, activa) values (58,163,200,2,'true');
INSERT INTO APLICACION_BUS.CAMINO (idOrigen, idDestino, distancia, duracion, activa) values (59,60,200,2,'true');
INSERT INTO APLICACION_BUS.CAMINO (idOrigen, idDestino, distancia, duracion, activa) values (59,182,200,2,'true');
INSERT INTO APLICACION_BUS.CAMINO (idOrigen, idDestino, distancia, duracion, activa) values (60,203,200,2,'true');

--Calle6 <- (Completa)
INSERT INTO APLICACION_BUS.CAMINO (idOrigen, idDestino, distancia, duracion, activa) values (69,68,200,2,'true');
INSERT INTO APLICACION_BUS.CAMINO (idOrigen, idDestino, distancia, duracion, activa) values (69,174,200,2,'true');
INSERT INTO APLICACION_BUS.CAMINO (idOrigen, idDestino, distancia, duracion, activa) values (68,67,200,2,'true');
INSERT INTO APLICACION_BUS.CAMINO (idOrigen, idDestino, distancia, duracion, activa) values (68,153,200,2,'true');
INSERT INTO APLICACION_BUS.CAMINO (idOrigen, idDestino, distancia, duracion, activa) values (67,66,200,2,'true');
INSERT INTO APLICACION_BUS.CAMINO (idOrigen, idDestino, distancia, duracion, activa) values (67,134,200,2,'true');
INSERT INTO APLICACION_BUS.CAMINO (idOrigen, idDestino, distancia, duracion, activa) values (66,65,200,2,'true');
INSERT INTO APLICACION_BUS.CAMINO (idOrigen, idDestino, distancia, duracion, activa) values (66,113,200,2,'true');
INSERT INTO APLICACION_BUS.CAMINO (idOrigen, idDestino, distancia, duracion, activa) values (65,64,200,2,'true');
INSERT INTO APLICACION_BUS.CAMINO (idOrigen, idDestino, distancia, duracion, activa) values (65,94,200,2,'true');
INSERT INTO APLICACION_BUS.CAMINO (idOrigen, idDestino, distancia, duracion, activa) values (64,63,200,2,'true');
INSERT INTO APLICACION_BUS.CAMINO (idOrigen, idDestino, distancia, duracion, activa) values (64,73,200,2,'true');
INSERT INTO APLICACION_BUS.CAMINO (idOrigen, idDestino, distancia, duracion, activa) values (63,62,200,2,'true');
INSERT INTO APLICACION_BUS.CAMINO (idOrigen, idDestino, distancia, duracion, activa) values (63,54,200,2,'true');
INSERT INTO APLICACION_BUS.CAMINO (idOrigen, idDestino, distancia, duracion, activa) values (62,61,200,2,'true');
INSERT INTO APLICACION_BUS.CAMINO (idOrigen, idDestino, distancia, duracion, activa) values (62,33,200,2,'true');
INSERT INTO APLICACION_BUS.CAMINO (idOrigen, idDestino, distancia, duracion, activa) values (61,14,200,2,'true');

--Calle7 <- (Completo)
INSERT INTO APLICACION_BUS.CAMINO (idOrigen, idDestino, distancia, duracion, activa) values (80,79,200,2,'true');
INSERT INTO APLICACION_BUS.CAMINO (idOrigen, idDestino, distancia, duracion, activa) values (80,183,200,2,'true');
INSERT INTO APLICACION_BUS.CAMINO (idOrigen, idDestino, distancia, duracion, activa) values (79,78,200,2,'true');
INSERT INTO APLICACION_BUS.CAMINO (idOrigen, idDestino, distancia, duracion, activa) values (79,164,200,2,'true');
INSERT INTO APLICACION_BUS.CAMINO (idOrigen, idDestino, distancia, duracion, activa) values (78,77,200,2,'true');
INSERT INTO APLICACION_BUS.CAMINO (idOrigen, idDestino, distancia, duracion, activa) values (78,143,200,2,'true');
INSERT INTO APLICACION_BUS.CAMINO (idOrigen, idDestino, distancia, duracion, activa) values (77,76,200,2,'true');
INSERT INTO APLICACION_BUS.CAMINO (idOrigen, idDestino, distancia, duracion, activa) values (77,124,200,2,'true');
INSERT INTO APLICACION_BUS.CAMINO (idOrigen, idDestino, distancia, duracion, activa) values (76,75,200,2,'true');
INSERT INTO APLICACION_BUS.CAMINO (idOrigen, idDestino, distancia, duracion, activa) values (76,103,200,2,'true');
INSERT INTO APLICACION_BUS.CAMINO (idOrigen, idDestino, distancia, duracion, activa) values (75,74,200,2,'true');
INSERT INTO APLICACION_BUS.CAMINO (idOrigen, idDestino, distancia, duracion, activa) values (75,84,200,2,'true');
INSERT INTO APLICACION_BUS.CAMINO (idOrigen, idDestino, distancia, duracion, activa) values (74,73,200,2,'true');
INSERT INTO APLICACION_BUS.CAMINO (idOrigen, idDestino, distancia, duracion, activa) values (74,63,200,2,'true');
INSERT INTO APLICACION_BUS.CAMINO (idOrigen, idDestino, distancia, duracion, activa) values (73,72,200,2,'true');
INSERT INTO APLICACION_BUS.CAMINO (idOrigen, idDestino, distancia, duracion, activa) values (73,44,200,2,'true');
INSERT INTO APLICACION_BUS.CAMINO (idOrigen, idDestino, distancia, duracion, activa) values (72,71,200,2,'true');
INSERT INTO APLICACION_BUS.CAMINO (idOrigen, idDestino, distancia, duracion, activa) values (72,23,200,2,'true');
INSERT INTO APLICACION_BUS.CAMINO (idOrigen, idDestino, distancia, duracion, activa) values (71,4,200,2,'true');

--Calle8 -> (Completo)
INSERT INTO APLICACION_BUS.CAMINO (idOrigen, idDestino, distancia, duracion, activa) values (81,82,200,2,'true');
INSERT INTO APLICACION_BUS.CAMINO (idOrigen, idDestino, distancia, duracion, activa) values (81,34,200,2,'true');
INSERT INTO APLICACION_BUS.CAMINO (idOrigen, idDestino, distancia, duracion, activa) values (82,83,200,2,'true');
INSERT INTO APLICACION_BUS.CAMINO (idOrigen, idDestino, distancia, duracion, activa) values (82,55,200,2,'true');
INSERT INTO APLICACION_BUS.CAMINO (idOrigen, idDestino, distancia, duracion, activa) values (83,84,200,2,'true');
INSERT INTO APLICACION_BUS.CAMINO (idOrigen, idDestino, distancia, duracion, activa) values (83,74,200,2,'true');
INSERT INTO APLICACION_BUS.CAMINO (idOrigen, idDestino, distancia, duracion, activa) values (84,85,200,2,'true');
INSERT INTO APLICACION_BUS.CAMINO (idOrigen, idDestino, distancia, duracion, activa) values (84,95,200,2,'true');
INSERT INTO APLICACION_BUS.CAMINO (idOrigen, idDestino, distancia, duracion, activa) values (85,86,200,2,'true');
INSERT INTO APLICACION_BUS.CAMINO (idOrigen, idDestino, distancia, duracion, activa) values (85,114,200,2,'true');
INSERT INTO APLICACION_BUS.CAMINO (idOrigen, idDestino, distancia, duracion, activa) values (86,87,200,2,'true');
INSERT INTO APLICACION_BUS.CAMINO (idOrigen, idDestino, distancia, duracion, activa) values (86,135,200,2,'true');
INSERT INTO APLICACION_BUS.CAMINO (idOrigen, idDestino, distancia, duracion, activa) values (87,88,200,2,'true');
INSERT INTO APLICACION_BUS.CAMINO (idOrigen, idDestino, distancia, duracion, activa) values (87,154,200,2,'true');
INSERT INTO APLICACION_BUS.CAMINO (idOrigen, idDestino, distancia, duracion, activa) values (88,89,200,2,'true');
INSERT INTO APLICACION_BUS.CAMINO (idOrigen, idDestino, distancia, duracion, activa) values (88,175,200,2,'true');
INSERT INTO APLICACION_BUS.CAMINO (idOrigen, idDestino, distancia, duracion, activa) values (89,194,200,2,'true');

--Calle9 -> (Completo)
INSERT INTO APLICACION_BUS.CAMINO (idOrigen, idDestino, distancia, duracion, activa) values (91,92,200,2,'true');
INSERT INTO APLICACION_BUS.CAMINO (idOrigen, idDestino, distancia, duracion, activa) values (91,24,200,2,'true');
INSERT INTO APLICACION_BUS.CAMINO (idOrigen, idDestino, distancia, duracion, activa) values (92,93,200,2,'true');
INSERT INTO APLICACION_BUS.CAMINO (idOrigen, idDestino, distancia, duracion, activa) values (92,45,200,2,'true');
INSERT INTO APLICACION_BUS.CAMINO (idOrigen, idDestino, distancia, duracion, activa) values (93,94,200,2,'true');
INSERT INTO APLICACION_BUS.CAMINO (idOrigen, idDestino, distancia, duracion, activa) values (93,64,200,2,'true');
INSERT INTO APLICACION_BUS.CAMINO (idOrigen, idDestino, distancia, duracion, activa) values (94,95,200,2,'true');
INSERT INTO APLICACION_BUS.CAMINO (idOrigen, idDestino, distancia, duracion, activa) values (94,85,200,2,'true');
INSERT INTO APLICACION_BUS.CAMINO (idOrigen, idDestino, distancia, duracion, activa) values (95,96,200,2,'true');
INSERT INTO APLICACION_BUS.CAMINO (idOrigen, idDestino, distancia, duracion, activa) values (95,104,200,2,'true');
INSERT INTO APLICACION_BUS.CAMINO (idOrigen, idDestino, distancia, duracion, activa) values (96,97,200,2,'true');
INSERT INTO APLICACION_BUS.CAMINO (idOrigen, idDestino, distancia, duracion, activa) values (96,125,200,2,'true');
INSERT INTO APLICACION_BUS.CAMINO (idOrigen, idDestino, distancia, duracion, activa) values (97,98,200,2,'true');
INSERT INTO APLICACION_BUS.CAMINO (idOrigen, idDestino, distancia, duracion, activa) values (97,144,200,2,'true');
INSERT INTO APLICACION_BUS.CAMINO (idOrigen, idDestino, distancia, duracion, activa) values (98,99,200,2,'true');
INSERT INTO APLICACION_BUS.CAMINO (idOrigen, idDestino, distancia, duracion, activa) values (98,165,200,2,'true');
INSERT INTO APLICACION_BUS.CAMINO (idOrigen, idDestino, distancia, duracion, activa) values (99,100,200,2,'true');
INSERT INTO APLICACION_BUS.CAMINO (idOrigen, idDestino, distancia, duracion, activa) values (99,184,200,2,'true');
INSERT INTO APLICACION_BUS.CAMINO (idOrigen, idDestino, distancia, duracion, activa) values (100,205,200,2,'true');

--Calle10 <- (Completa)
INSERT INTO APLICACION_BUS.CAMINO (idOrigen, idDestino, distancia, duracion, activa) values (109,108,200,2,'true');
INSERT INTO APLICACION_BUS.CAMINO (idOrigen, idDestino, distancia, duracion, activa) values (109,176,200,2,'true');
INSERT INTO APLICACION_BUS.CAMINO (idOrigen, idDestino, distancia, duracion, activa) values (108,107,200,2,'true');
INSERT INTO APLICACION_BUS.CAMINO (idOrigen, idDestino, distancia, duracion, activa) values (108,155,200,2,'true');
INSERT INTO APLICACION_BUS.CAMINO (idOrigen, idDestino, distancia, duracion, activa) values (107,106,200,2,'true');
INSERT INTO APLICACION_BUS.CAMINO (idOrigen, idDestino, distancia, duracion, activa) values (107,136,200,2,'true');
INSERT INTO APLICACION_BUS.CAMINO (idOrigen, idDestino, distancia, duracion, activa) values (106,105,200,2,'true');
INSERT INTO APLICACION_BUS.CAMINO (idOrigen, idDestino, distancia, duracion, activa) values (106,115,200,2,'true');
INSERT INTO APLICACION_BUS.CAMINO (idOrigen, idDestino, distancia, duracion, activa) values (105,104,200,2,'true');
INSERT INTO APLICACION_BUS.CAMINO (idOrigen, idDestino, distancia, duracion, activa) values (105,96,200,2,'true');
INSERT INTO APLICACION_BUS.CAMINO (idOrigen, idDestino, distancia, duracion, activa) values (104,103,200,2,'true');
INSERT INTO APLICACION_BUS.CAMINO (idOrigen, idDestino, distancia, duracion, activa) values (104,75,200,2,'true');
INSERT INTO APLICACION_BUS.CAMINO (idOrigen, idDestino, distancia, duracion, activa) values (103,102,200,2,'true');
INSERT INTO APLICACION_BUS.CAMINO (idOrigen, idDestino, distancia, duracion, activa) values (103,56,200,2,'true');
INSERT INTO APLICACION_BUS.CAMINO (idOrigen, idDestino, distancia, duracion, activa) values (102,101,200,2,'true');
INSERT INTO APLICACION_BUS.CAMINO (idOrigen, idDestino, distancia, duracion, activa) values (102,35,200,2,'true');
INSERT INTO APLICACION_BUS.CAMINO (idOrigen, idDestino, distancia, duracion, activa) values (101,16,200,2,'true');

--Calle11 <- (Completa)
INSERT INTO APLICACION_BUS.CAMINO (idOrigen, idDestino, distancia, duracion, activa) values (120,119,200,2,'true');
INSERT INTO APLICACION_BUS.CAMINO (idOrigen, idDestino, distancia, duracion, activa) values (119,118,200,2,'true');
INSERT INTO APLICACION_BUS.CAMINO (idOrigen, idDestino, distancia, duracion, activa) values (118,117,200,2,'true');
INSERT INTO APLICACION_BUS.CAMINO (idOrigen, idDestino, distancia, duracion, activa) values (117,116,200,2,'true');
INSERT INTO APLICACION_BUS.CAMINO (idOrigen, idDestino, distancia, duracion, activa) values (116,115,200,2,'true');
INSERT INTO APLICACION_BUS.CAMINO (idOrigen, idDestino, distancia, duracion, activa) values (115,114,200,2,'true');
INSERT INTO APLICACION_BUS.CAMINO (idOrigen, idDestino, distancia, duracion, activa) values (114,113,200,2,'true');
INSERT INTO APLICACION_BUS.CAMINO (idOrigen, idDestino, distancia, duracion, activa) values (113,112,200,2,'true');
INSERT INTO APLICACION_BUS.CAMINO (idOrigen, idDestino, distancia, duracion, activa) values (112,111,200,2,'true');
INSERT INTO APLICACION_BUS.CAMINO (idOrigen, idDestino, distancia, duracion, activa) values (120,185,200,2,'true');
INSERT INTO APLICACION_BUS.CAMINO (idOrigen, idDestino, distancia, duracion, activa) values (119,166,200,2,'true');
INSERT INTO APLICACION_BUS.CAMINO (idOrigen, idDestino, distancia, duracion, activa) values (118,145,200,2,'true');
INSERT INTO APLICACION_BUS.CAMINO (idOrigen, idDestino, distancia, duracion, activa) values (117,126,200,2,'true');
INSERT INTO APLICACION_BUS.CAMINO (idOrigen, idDestino, distancia, duracion, activa) values (116,105,200,2,'true');
INSERT INTO APLICACION_BUS.CAMINO (idOrigen, idDestino, distancia, duracion, activa) values (115,86,200,2,'true');
INSERT INTO APLICACION_BUS.CAMINO (idOrigen, idDestino, distancia, duracion, activa) values (114,65,200,2,'true');
INSERT INTO APLICACION_BUS.CAMINO (idOrigen, idDestino, distancia, duracion, activa) values (113,46,200,2,'true');
INSERT INTO APLICACION_BUS.CAMINO (idOrigen, idDestino, distancia, duracion, activa) values (112,25,200,2,'true');
INSERT INTO APLICACION_BUS.CAMINO (idOrigen, idDestino, distancia, duracion, activa) values (111,6,200,2,'true');

--Calle12 -> (Completo)
INSERT INTO APLICACION_BUS.CAMINO (idOrigen, idDestino, distancia, duracion, activa) values (121,122,200,2,'true');
INSERT INTO APLICACION_BUS.CAMINO (idOrigen, idDestino, distancia, duracion, activa) values (122,123,200,2,'true');
INSERT INTO APLICACION_BUS.CAMINO (idOrigen, idDestino, distancia, duracion, activa) values (123,124,200,2,'true');
INSERT INTO APLICACION_BUS.CAMINO (idOrigen, idDestino, distancia, duracion, activa) values (124,125,200,2,'true');
INSERT INTO APLICACION_BUS.CAMINO (idOrigen, idDestino, distancia, duracion, activa) values (125,126,200,2,'true');
INSERT INTO APLICACION_BUS.CAMINO (idOrigen, idDestino, distancia, duracion, activa) values (126,127,200,2,'true');
INSERT INTO APLICACION_BUS.CAMINO (idOrigen, idDestino, distancia, duracion, activa) values (127,128,200,2,'true');
INSERT INTO APLICACION_BUS.CAMINO (idOrigen, idDestino, distancia, duracion, activa) values (128,129,200,2,'true');
INSERT INTO APLICACION_BUS.CAMINO (idOrigen, idDestino, distancia, duracion, activa) values (121,36,200,2,'true');
INSERT INTO APLICACION_BUS.CAMINO (idOrigen, idDestino, distancia, duracion, activa) values (122,57,200,2,'true');
INSERT INTO APLICACION_BUS.CAMINO (idOrigen, idDestino, distancia, duracion, activa) values (123,76,200,2,'true');
INSERT INTO APLICACION_BUS.CAMINO (idOrigen, idDestino, distancia, duracion, activa) values (124,97,200,2,'true');
INSERT INTO APLICACION_BUS.CAMINO (idOrigen, idDestino, distancia, duracion, activa) values (125,116,200,2,'true');
INSERT INTO APLICACION_BUS.CAMINO (idOrigen, idDestino, distancia, duracion, activa) values (126,137,200,2,'true');
INSERT INTO APLICACION_BUS.CAMINO (idOrigen, idDestino, distancia, duracion, activa) values (127,156,200,2,'true');
INSERT INTO APLICACION_BUS.CAMINO (idOrigen, idDestino, distancia, duracion, activa) values (128,177,200,2,'true');
INSERT INTO APLICACION_BUS.CAMINO (idOrigen, idDestino, distancia, duracion, activa) values (129,196,200,2,'true');

--Calle13 -> (Completa)
INSERT INTO APLICACION_BUS.CAMINO (idOrigen, idDestino, distancia, duracion, activa) values (131,132,200,2,'true');
INSERT INTO APLICACION_BUS.CAMINO (idOrigen, idDestino, distancia, duracion, activa) values (132,133,200,2,'true');
INSERT INTO APLICACION_BUS.CAMINO (idOrigen, idDestino, distancia, duracion, activa) values (133,134,200,2,'true');
INSERT INTO APLICACION_BUS.CAMINO (idOrigen, idDestino, distancia, duracion, activa) values (134,135,200,2,'true');
INSERT INTO APLICACION_BUS.CAMINO (idOrigen, idDestino, distancia, duracion, activa) values (135,136,200,2,'true');
INSERT INTO APLICACION_BUS.CAMINO (idOrigen, idDestino, distancia, duracion, activa) values (136,137,200,2,'true');
INSERT INTO APLICACION_BUS.CAMINO (idOrigen, idDestino, distancia, duracion, activa) values (137,138,200,2,'true');
INSERT INTO APLICACION_BUS.CAMINO (idOrigen, idDestino, distancia, duracion, activa) values (138,139,200,2,'true');
INSERT INTO APLICACION_BUS.CAMINO (idOrigen, idDestino, distancia, duracion, activa) values (139,140,200,2,'true');
INSERT INTO APLICACION_BUS.CAMINO (idOrigen, idDestino, distancia, duracion, activa) values (131,26,200,2,'true');
INSERT INTO APLICACION_BUS.CAMINO (idOrigen, idDestino, distancia, duracion, activa) values (132,47,200,2,'true');
INSERT INTO APLICACION_BUS.CAMINO (idOrigen, idDestino, distancia, duracion, activa) values (133,66,200,2,'true');
INSERT INTO APLICACION_BUS.CAMINO (idOrigen, idDestino, distancia, duracion, activa) values (134,87,200,2,'true');
INSERT INTO APLICACION_BUS.CAMINO (idOrigen, idDestino, distancia, duracion, activa) values (135,106,200,2,'true');
INSERT INTO APLICACION_BUS.CAMINO (idOrigen, idDestino, distancia, duracion, activa) values (136,127,200,2,'true');
INSERT INTO APLICACION_BUS.CAMINO (idOrigen, idDestino, distancia, duracion, activa) values (137,146,200,2,'true');
INSERT INTO APLICACION_BUS.CAMINO (idOrigen, idDestino, distancia, duracion, activa) values (138,167,200,2,'true');
INSERT INTO APLICACION_BUS.CAMINO (idOrigen, idDestino, distancia, duracion, activa) values (139,186,200,2,'true');
INSERT INTO APLICACION_BUS.CAMINO (idOrigen, idDestino, distancia, duracion, activa) values (140,207,200,2,'true');

--Calle14 <- (Completa)
INSERT INTO APLICACION_BUS.CAMINO (idOrigen, idDestino, distancia, duracion, activa) values (149,148,200,2,'true');
INSERT INTO APLICACION_BUS.CAMINO (idOrigen, idDestino, distancia, duracion, activa) values (148,147,200,2,'true');
INSERT INTO APLICACION_BUS.CAMINO (idOrigen, idDestino, distancia, duracion, activa) values (147,146,200,2,'true');
INSERT INTO APLICACION_BUS.CAMINO (idOrigen, idDestino, distancia, duracion, activa) values (146,145,200,2,'true');
INSERT INTO APLICACION_BUS.CAMINO (idOrigen, idDestino, distancia, duracion, activa) values (145,144,200,2,'true');
INSERT INTO APLICACION_BUS.CAMINO (idOrigen, idDestino, distancia, duracion, activa) values (144,143,200,2,'true');
INSERT INTO APLICACION_BUS.CAMINO (idOrigen, idDestino, distancia, duracion, activa) values (143,142,200,2,'true');
INSERT INTO APLICACION_BUS.CAMINO (idOrigen, idDestino, distancia, duracion, activa) values (142,141,200,2,'true');
INSERT INTO APLICACION_BUS.CAMINO (idOrigen, idDestino, distancia, duracion, activa) values (149,178,200,2,'true');
INSERT INTO APLICACION_BUS.CAMINO (idOrigen, idDestino, distancia, duracion, activa) values (148,157,200,2,'true');
INSERT INTO APLICACION_BUS.CAMINO (idOrigen, idDestino, distancia, duracion, activa) values (147,138,200,2,'true');
INSERT INTO APLICACION_BUS.CAMINO (idOrigen, idDestino, distancia, duracion, activa) values (146,117,200,2,'true');
INSERT INTO APLICACION_BUS.CAMINO (idOrigen, idDestino, distancia, duracion, activa) values (145,98,200,2,'true');
INSERT INTO APLICACION_BUS.CAMINO (idOrigen, idDestino, distancia, duracion, activa) values (144,77,200,2,'true');
INSERT INTO APLICACION_BUS.CAMINO (idOrigen, idDestino, distancia, duracion, activa) values (143,58,200,2,'true');
INSERT INTO APLICACION_BUS.CAMINO (idOrigen, idDestino, distancia, duracion, activa) values (142,37,200,2,'true');
INSERT INTO APLICACION_BUS.CAMINO (idOrigen, idDestino, distancia, duracion, activa) values (141,18,200,2,'true');

--Calle15 <- (Completa)
INSERT INTO APLICACION_BUS.CAMINO (idOrigen, idDestino, distancia, duracion, activa) values (160,159,200,2,'true');
INSERT INTO APLICACION_BUS.CAMINO (idOrigen, idDestino, distancia, duracion, activa) values (159,158,200,2,'true');
INSERT INTO APLICACION_BUS.CAMINO (idOrigen, idDestino, distancia, duracion, activa) values (158,157,200,2,'true');
INSERT INTO APLICACION_BUS.CAMINO (idOrigen, idDestino, distancia, duracion, activa) values (157,156,200,2,'true');
INSERT INTO APLICACION_BUS.CAMINO (idOrigen, idDestino, distancia, duracion, activa) values (156,155,200,2,'true');
INSERT INTO APLICACION_BUS.CAMINO (idOrigen, idDestino, distancia, duracion, activa) values (155,154,200,2,'true');
INSERT INTO APLICACION_BUS.CAMINO (idOrigen, idDestino, distancia, duracion, activa) values (154,153,200,2,'true');
INSERT INTO APLICACION_BUS.CAMINO (idOrigen, idDestino, distancia, duracion, activa) values (153,152,200,2,'true');
INSERT INTO APLICACION_BUS.CAMINO (idOrigen, idDestino, distancia, duracion, activa) values (152,151,200,2,'true');
INSERT INTO APLICACION_BUS.CAMINO (idOrigen, idDestino, distancia, duracion, activa) values (160,187,200,2,'true');
INSERT INTO APLICACION_BUS.CAMINO (idOrigen, idDestino, distancia, duracion, activa) values (159,168,200,2,'true');
INSERT INTO APLICACION_BUS.CAMINO (idOrigen, idDestino, distancia, duracion, activa) values (158,147,200,2,'true');
INSERT INTO APLICACION_BUS.CAMINO (idOrigen, idDestino, distancia, duracion, activa) values (157,128,200,2,'true');
INSERT INTO APLICACION_BUS.CAMINO (idOrigen, idDestino, distancia, duracion, activa) values (156,107,200,2,'true');
INSERT INTO APLICACION_BUS.CAMINO (idOrigen, idDestino, distancia, duracion, activa) values (155,88,200,2,'true');
INSERT INTO APLICACION_BUS.CAMINO (idOrigen, idDestino, distancia, duracion, activa) values (154,67,200,2,'true');
INSERT INTO APLICACION_BUS.CAMINO (idOrigen, idDestino, distancia, duracion, activa) values (153,48,200,2,'true');
INSERT INTO APLICACION_BUS.CAMINO (idOrigen, idDestino, distancia, duracion, activa) values (152,27,200,2,'true');
INSERT INTO APLICACION_BUS.CAMINO (idOrigen, idDestino, distancia, duracion, activa) values (151,8,200,2,'true');

--Calle16 -> (Completa)
INSERT INTO APLICACION_BUS.CAMINO (idOrigen, idDestino, distancia, duracion, activa) values (161,162,200,2,'true');
INSERT INTO APLICACION_BUS.CAMINO (idOrigen, idDestino, distancia, duracion, activa) values (162,163,200,2,'true');
INSERT INTO APLICACION_BUS.CAMINO (idOrigen, idDestino, distancia, duracion, activa) values (163,164,200,2,'true');
INSERT INTO APLICACION_BUS.CAMINO (idOrigen, idDestino, distancia, duracion, activa) values (164,165,200,2,'true');
INSERT INTO APLICACION_BUS.CAMINO (idOrigen, idDestino, distancia, duracion, activa) values (165,166,200,2,'true');
INSERT INTO APLICACION_BUS.CAMINO (idOrigen, idDestino, distancia, duracion, activa) values (166,167,200,2,'true');
INSERT INTO APLICACION_BUS.CAMINO (idOrigen, idDestino, distancia, duracion, activa) values (167,168,200,2,'true');
INSERT INTO APLICACION_BUS.CAMINO (idOrigen, idDestino, distancia, duracion, activa) values (168,169,200,2,'true');
INSERT INTO APLICACION_BUS.CAMINO (idOrigen, idDestino, distancia, duracion, activa) values (161,38,200,2,'true');
INSERT INTO APLICACION_BUS.CAMINO (idOrigen, idDestino, distancia, duracion, activa) values (162,59,200,2,'true');
INSERT INTO APLICACION_BUS.CAMINO (idOrigen, idDestino, distancia, duracion, activa) values (163,78,200,2,'true');
INSERT INTO APLICACION_BUS.CAMINO (idOrigen, idDestino, distancia, duracion, activa) values (164,99,200,2,'true');
INSERT INTO APLICACION_BUS.CAMINO (idOrigen, idDestino, distancia, duracion, activa) values (165,118,200,2,'true');
INSERT INTO APLICACION_BUS.CAMINO (idOrigen, idDestino, distancia, duracion, activa) values (166,139,200,2,'true');
INSERT INTO APLICACION_BUS.CAMINO (idOrigen, idDestino, distancia, duracion, activa) values (167,158,200,2,'true');
INSERT INTO APLICACION_BUS.CAMINO (idOrigen, idDestino, distancia, duracion, activa) values (168,179,200,2,'true');
INSERT INTO APLICACION_BUS.CAMINO (idOrigen, idDestino, distancia, duracion, activa) values (169,198,200,2,'true');

--Calle17 -> (Completa)
INSERT INTO APLICACION_BUS.CAMINO (idOrigen, idDestino, distancia, duracion, activa) values (171,172,200,2,'true');
INSERT INTO APLICACION_BUS.CAMINO (idOrigen, idDestino, distancia, duracion, activa) values (172,173,200,2,'true');
INSERT INTO APLICACION_BUS.CAMINO (idOrigen, idDestino, distancia, duracion, activa) values (173,174,200,2,'true');
INSERT INTO APLICACION_BUS.CAMINO (idOrigen, idDestino, distancia, duracion, activa) values (174,175,200,2,'true');
INSERT INTO APLICACION_BUS.CAMINO (idOrigen, idDestino, distancia, duracion, activa) values (175,176,200,2,'true');
INSERT INTO APLICACION_BUS.CAMINO (idOrigen, idDestino, distancia, duracion, activa) values (176,177,200,2,'true');
INSERT INTO APLICACION_BUS.CAMINO (idOrigen, idDestino, distancia, duracion, activa) values (177,178,200,2,'true');
INSERT INTO APLICACION_BUS.CAMINO (idOrigen, idDestino, distancia, duracion, activa) values (178,179,200,2,'true');
INSERT INTO APLICACION_BUS.CAMINO (idOrigen, idDestino, distancia, duracion, activa) values (179,180,200,2,'true');
INSERT INTO APLICACION_BUS.CAMINO (idOrigen, idDestino, distancia, duracion, activa) values (171,28,200,2,'true');
INSERT INTO APLICACION_BUS.CAMINO (idOrigen, idDestino, distancia, duracion, activa) values (172,49,200,2,'true');
INSERT INTO APLICACION_BUS.CAMINO (idOrigen, idDestino, distancia, duracion, activa) values (173,68,200,2,'true');
INSERT INTO APLICACION_BUS.CAMINO (idOrigen, idDestino, distancia, duracion, activa) values (174,89,200,2,'true');
INSERT INTO APLICACION_BUS.CAMINO (idOrigen, idDestino, distancia, duracion, activa) values (175,108,200,2,'true');
INSERT INTO APLICACION_BUS.CAMINO (idOrigen, idDestino, distancia, duracion, activa) values (176,129,200,2,'true');
INSERT INTO APLICACION_BUS.CAMINO (idOrigen, idDestino, distancia, duracion, activa) values (177,148,200,2,'true');
INSERT INTO APLICACION_BUS.CAMINO (idOrigen, idDestino, distancia, duracion, activa) values (178,169,200,2,'true');
INSERT INTO APLICACION_BUS.CAMINO (idOrigen, idDestino, distancia, duracion, activa) values (179,188,200,2,'true');
INSERT INTO APLICACION_BUS.CAMINO (idOrigen, idDestino, distancia, duracion, activa) values (180,209,200,2,'true');

--Calle18 <- (Completa)
INSERT INTO APLICACION_BUS.CAMINO (idOrigen, idDestino, distancia, duracion, activa) values (189,188,200,2,'true');
INSERT INTO APLICACION_BUS.CAMINO (idOrigen, idDestino, distancia, duracion, activa) values (188,187,200,2,'true');
INSERT INTO APLICACION_BUS.CAMINO (idOrigen, idDestino, distancia, duracion, activa) values (187,186,200,2,'true');
INSERT INTO APLICACION_BUS.CAMINO (idOrigen, idDestino, distancia, duracion, activa) values (186,185,200,2,'true');
INSERT INTO APLICACION_BUS.CAMINO (idOrigen, idDestino, distancia, duracion, activa) values (185,184,200,2,'true');
INSERT INTO APLICACION_BUS.CAMINO (idOrigen, idDestino, distancia, duracion, activa) values (184,183,200,2,'true');
INSERT INTO APLICACION_BUS.CAMINO (idOrigen, idDestino, distancia, duracion, activa) values (183,182,200,2,'true');
INSERT INTO APLICACION_BUS.CAMINO (idOrigen, idDestino, distancia, duracion, activa) values (182,181,200,2,'true');
INSERT INTO APLICACION_BUS.CAMINO (idOrigen, idDestino, distancia, duracion, activa) values (189,180,200,2,'true');
INSERT INTO APLICACION_BUS.CAMINO (idOrigen, idDestino, distancia, duracion, activa) values (188,159,200,2,'true');
INSERT INTO APLICACION_BUS.CAMINO (idOrigen, idDestino, distancia, duracion, activa) values (187,140,200,2,'true');
INSERT INTO APLICACION_BUS.CAMINO (idOrigen, idDestino, distancia, duracion, activa) values (186,119,200,2,'true');
INSERT INTO APLICACION_BUS.CAMINO (idOrigen, idDestino, distancia, duracion, activa) values (185,100,200,2,'true');
INSERT INTO APLICACION_BUS.CAMINO (idOrigen, idDestino, distancia, duracion, activa) values (184,79,200,2,'true');
INSERT INTO APLICACION_BUS.CAMINO (idOrigen, idDestino, distancia, duracion, activa) values (182,39,200,2,'true');
INSERT INTO APLICACION_BUS.CAMINO (idOrigen, idDestino, distancia, duracion, activa) values (181,20,200,2,'true');

--Calle19 <- (Completa)
INSERT INTO APLICACION_BUS.CAMINO (idOrigen, idDestino, distancia, duracion, activa) values (200,199,200,2,'true');
INSERT INTO APLICACION_BUS.CAMINO (idOrigen, idDestino, distancia, duracion, activa) values (199,198,200,2,'true');
INSERT INTO APLICACION_BUS.CAMINO (idOrigen, idDestino, distancia, duracion, activa) values (198,197,200,2,'true');
INSERT INTO APLICACION_BUS.CAMINO (idOrigen, idDestino, distancia, duracion, activa) values (197,196,200,2,'true');
INSERT INTO APLICACION_BUS.CAMINO (idOrigen, idDestino, distancia, duracion, activa) values (196,195,200,2,'true');
INSERT INTO APLICACION_BUS.CAMINO (idOrigen, idDestino, distancia, duracion, activa) values (195,194,200,2,'true');
INSERT INTO APLICACION_BUS.CAMINO (idOrigen, idDestino, distancia, duracion, activa) values (194,193,200,2,'true');
INSERT INTO APLICACION_BUS.CAMINO (idOrigen, idDestino, distancia, duracion, activa) values (193,192,200,2,'true');
INSERT INTO APLICACION_BUS.CAMINO (idOrigen, idDestino, distancia, duracion, activa) values (192,191,200,2,'true');
INSERT INTO APLICACION_BUS.CAMINO (idOrigen, idDestino, distancia, duracion, activa) values (200,189,200,2,'true');
INSERT INTO APLICACION_BUS.CAMINO (idOrigen, idDestino, distancia, duracion, activa) values (198,149,200,2,'true');
INSERT INTO APLICACION_BUS.CAMINO (idOrigen, idDestino, distancia, duracion, activa) values (196,109,200,2,'true');
INSERT INTO APLICACION_BUS.CAMINO (idOrigen, idDestino, distancia, duracion, activa) values (194,69,200,2,'true');
INSERT INTO APLICACION_BUS.CAMINO (idOrigen, idDestino, distancia, duracion, activa) values (192,29,200,2,'true');

--Calle 20 -> (Completa)
INSERT INTO APLICACION_BUS.CAMINO (idOrigen, idDestino, distancia, duracion, activa) values (201,202,200,2,'true');
INSERT INTO APLICACION_BUS.CAMINO (idOrigen, idDestino, distancia, duracion, activa) values (202,203,200,2,'true');
INSERT INTO APLICACION_BUS.CAMINO (idOrigen, idDestino, distancia, duracion, activa) values (203,204,200,2,'true');
INSERT INTO APLICACION_BUS.CAMINO (idOrigen, idDestino, distancia, duracion, activa) values (204,205,200,2,'true');
INSERT INTO APLICACION_BUS.CAMINO (idOrigen, idDestino, distancia, duracion, activa) values (205,206,200,2,'true');
INSERT INTO APLICACION_BUS.CAMINO (idOrigen, idDestino, distancia, duracion, activa) values (206,207,200,2,'true');
INSERT INTO APLICACION_BUS.CAMINO (idOrigen, idDestino, distancia, duracion, activa) values (207,208,200,2,'true');
INSERT INTO APLICACION_BUS.CAMINO (idOrigen, idDestino, distancia, duracion, activa) values (208,209,200,2,'true');
INSERT INTO APLICACION_BUS.CAMINO (idOrigen, idDestino, distancia, duracion, activa) values (201,40,200,2,'true');
INSERT INTO APLICACION_BUS.CAMINO (idOrigen, idDestino, distancia, duracion, activa) values (203,80,200,2,'true');
INSERT INTO APLICACION_BUS.CAMINO (idOrigen, idDestino, distancia, duracion, activa) values (205,120,200,2,'true');
INSERT INTO APLICACION_BUS.CAMINO (idOrigen, idDestino, distancia, duracion, activa) values (207,160,200,2,'true');
INSERT INTO APLICACION_BUS.CAMINO (idOrigen, idDestino, distancia, duracion, activa) values (209,200,200,2,'true');

INSERT INTO APLICACION_BUS.LINEA (nombre, color, tipo, asientos, parados, wifi, aire) values ('Linea E1','Amarillo','Economico',35,30,'false','false');
INSERT INTO APLICACION_BUS.TRAYECTO (idLinea) values (1);

INSERT INTO APLICACION_BUS.LINEA (nombre, color, tipo, asientos, parados, wifi, aire) values ('Linea E2','Amarillo','Economico',40,20,'false','false');
INSERT INTO APLICACION_BUS.TRAYECTO (idLinea) values (2);

INSERT INTO APLICACION_BUS.LINEA (nombre, color, tipo, asientos, parados, wifi, aire) values ('Linea S1','Plateado','Superior',40,0,'true','false');
INSERT INTO APLICACION_BUS.TRAYECTO (idLinea) values (3);

INSERT INTO APLICACION_BUS.LINEA (nombre, color, tipo, asientos, parados, wifi, aire) values ('Linea S2','Plateado','Superior',45,0,'false','true');
INSERT INTO APLICACION_BUS.TRAYECTO (idLinea) values (4);

INSERT INTO APLICACION_BUS.LINEA (nombre, color, tipo, asientos, parados, wifi, aire) values ('Linea S3','Rojo','Superior',30,0,'true','true');
INSERT INTO APLICACION_BUS.TRAYECTO (idLinea) values (5);

INSERT INTO APLICACION_BUS.LINEA (nombre, color, tipo, asientos, parados, wifi, aire) values ('Linea B','Verde','Economico',35,10,'false','false');
INSERT INTO APLICACION_BUS.TRAYECTO (idLinea) values (6);

INSERT INTO APLICACION_BUS.LINEA (nombre, color, tipo, asientos, parados, wifi, aire) values ('Linea C','Azul','Superior',20,0,'true','false');
INSERT INTO APLICACION_BUS.TRAYECTO (idLinea) values (7);

--LINEA E1
INSERT INTO APLICACION_BUS.CAMINOTRAYECTO (idOrigen,idDestino,idTrayecto,orden) values (32,21,1,1);
INSERT INTO APLICACION_BUS.CAMINOTRAYECTO (idOrigen,idDestino,idTrayecto,orden) values (21,12,1,2);
INSERT INTO APLICACION_BUS.CAMINOTRAYECTO (idOrigen,idDestino,idTrayecto,orden) values (12,13,1,3);
INSERT INTO APLICACION_BUS.CAMINOTRAYECTO (idOrigen,idDestino,idTrayecto,orden) values (13,14,1,4);
INSERT INTO APLICACION_BUS.CAMINOTRAYECTO (idOrigen,idDestino,idTrayecto,orden) values (14,81,1,5);
INSERT INTO APLICACION_BUS.CAMINOTRAYECTO (idOrigen,idDestino,idTrayecto,orden) values (81,82,1,6);
INSERT INTO APLICACION_BUS.CAMINOTRAYECTO (idOrigen,idDestino,idTrayecto,orden) values (82,83,1,7);
INSERT INTO APLICACION_BUS.CAMINOTRAYECTO (idOrigen,idDestino,idTrayecto,orden) values (83,84,1,8);
INSERT INTO APLICACION_BUS.CAMINOTRAYECTO (idOrigen,idDestino,idTrayecto,orden) values (84,95,1,9);
INSERT INTO APLICACION_BUS.CAMINOTRAYECTO (idOrigen,idDestino,idTrayecto,orden) values (95,96,1,10);
INSERT INTO APLICACION_BUS.CAMINOTRAYECTO (idOrigen,idDestino,idTrayecto,orden) values (96,97,1,11);
INSERT INTO APLICACION_BUS.CAMINOTRAYECTO (idOrigen,idDestino,idTrayecto,orden) values (97,144,1,12);
INSERT INTO APLICACION_BUS.CAMINOTRAYECTO (idOrigen,idDestino,idTrayecto,orden) values (144,143,1,13);
INSERT INTO APLICACION_BUS.CAMINOTRAYECTO (idOrigen,idDestino,idTrayecto,orden) values (143,142,1,14);
INSERT INTO APLICACION_BUS.CAMINOTRAYECTO (idOrigen,idDestino,idTrayecto,orden) values (142,37,1,15);
INSERT INTO APLICACION_BUS.CAMINOTRAYECTO (idOrigen,idDestino,idTrayecto,orden) values (144,143,1,16);
INSERT INTO APLICACION_BUS.CAMINOTRAYECTO (idOrigen,idDestino,idTrayecto,orden) values (143,142,1,17);
INSERT INTO APLICACION_BUS.CAMINOTRAYECTO (idOrigen,idDestino,idTrayecto,orden) values (142,37,1,18);
INSERT INTO APLICACION_BUS.CAMINOTRAYECTO (idOrigen,idDestino,idTrayecto,orden) values (37,36,1,19);
INSERT INTO APLICACION_BUS.CAMINOTRAYECTO (idOrigen,idDestino,idTrayecto,orden) values (36,35,1,20);
INSERT INTO APLICACION_BUS.CAMINOTRAYECTO (idOrigen,idDestino,idTrayecto,orden) values (35,34,1,21);
INSERT INTO APLICACION_BUS.CAMINOTRAYECTO (idOrigen,idDestino,idTrayecto,orden) values (34,33,1,22);
INSERT INTO APLICACION_BUS.CAMINOTRAYECTO (idOrigen,idDestino,idTrayecto,orden) values (33,32,1,23);

--LINEA E2
INSERT INTO APLICACION_BUS.CAMINOTRAYECTO (idOrigen,idDestino,idTrayecto,orden) values (171,172,2,1);
INSERT INTO APLICACION_BUS.CAMINOTRAYECTO (idOrigen,idDestino,idTrayecto,orden) values (172,173,2,2);
INSERT INTO APLICACION_BUS.CAMINOTRAYECTO (idOrigen,idDestino,idTrayecto,orden) values (173,174,2,3);
INSERT INTO APLICACION_BUS.CAMINOTRAYECTO (idOrigen,idDestino,idTrayecto,orden) values (174,175,2,4);
INSERT INTO APLICACION_BUS.CAMINOTRAYECTO (idOrigen,idDestino,idTrayecto,orden) values (175,176,2,5);
INSERT INTO APLICACION_BUS.CAMINOTRAYECTO (idOrigen,idDestino,idTrayecto,orden) values (176,177,2,6);
INSERT INTO APLICACION_BUS.CAMINOTRAYECTO (idOrigen,idDestino,idTrayecto,orden) values (177,178,2,7);
INSERT INTO APLICACION_BUS.CAMINOTRAYECTO (idOrigen,idDestino,idTrayecto,orden) values (178,179,2,8);
INSERT INTO APLICACION_BUS.CAMINOTRAYECTO (idOrigen,idDestino,idTrayecto,orden) values (179,188,2,9);
INSERT INTO APLICACION_BUS.CAMINOTRAYECTO (idOrigen,idDestino,idTrayecto,orden) values (188,187,2,10);
INSERT INTO APLICACION_BUS.CAMINOTRAYECTO (idOrigen,idDestino,idTrayecto,orden) values (187,186,2,11);
INSERT INTO APLICACION_BUS.CAMINOTRAYECTO (idOrigen,idDestino,idTrayecto,orden) values (186,185,2,12);
INSERT INTO APLICACION_BUS.CAMINOTRAYECTO (idOrigen,idDestino,idTrayecto,orden) values (185,184,2,13);
INSERT INTO APLICACION_BUS.CAMINOTRAYECTO (idOrigen,idDestino,idTrayecto,orden) values (184,183,2,14);
INSERT INTO APLICACION_BUS.CAMINOTRAYECTO (idOrigen,idDestino,idTrayecto,orden) values (183,182,2,15);
INSERT INTO APLICACION_BUS.CAMINOTRAYECTO (idOrigen,idDestino,idTrayecto,orden) values (182,39,2,16);
INSERT INTO APLICACION_BUS.CAMINOTRAYECTO (idOrigen,idDestino,idTrayecto,orden) values (39,38,2,17);
INSERT INTO APLICACION_BUS.CAMINOTRAYECTO (idOrigen,idDestino,idTrayecto,orden) values (38,37,2,18);
INSERT INTO APLICACION_BUS.CAMINOTRAYECTO (idOrigen,idDestino,idTrayecto,orden) values (37,122,2,19);
INSERT INTO APLICACION_BUS.CAMINOTRAYECTO (idOrigen,idDestino,idTrayecto,orden) values (122,123,2,20);
INSERT INTO APLICACION_BUS.CAMINOTRAYECTO (idOrigen,idDestino,idTrayecto,orden) values (123,124,2,21);
INSERT INTO APLICACION_BUS.CAMINOTRAYECTO (idOrigen,idDestino,idTrayecto,orden) values (124,125,2,22);
INSERT INTO APLICACION_BUS.CAMINOTRAYECTO (idOrigen,idDestino,idTrayecto,orden) values (125,126,2,23);
INSERT INTO APLICACION_BUS.CAMINOTRAYECTO (idOrigen,idDestino,idTrayecto,orden) values (126,127,2,24);
INSERT INTO APLICACION_BUS.CAMINOTRAYECTO (idOrigen,idDestino,idTrayecto,orden) values (127,156,2,25);
INSERT INTO APLICACION_BUS.CAMINOTRAYECTO (idOrigen,idDestino,idTrayecto,orden) values (156,155,2,26);
INSERT INTO APLICACION_BUS.CAMINOTRAYECTO (idOrigen,idDestino,idTrayecto,orden) values (155,154,2,27);
INSERT INTO APLICACION_BUS.CAMINOTRAYECTO (idOrigen,idDestino,idTrayecto,orden) values (153,152,2,28);
INSERT INTO APLICACION_BUS.CAMINOTRAYECTO (idOrigen,idDestino,idTrayecto,orden) values (152,151,2,30);
INSERT INTO APLICACION_BUS.CAMINOTRAYECTO (idOrigen,idDestino,idTrayecto,orden) values (151,8,2,31);
INSERT INTO APLICACION_BUS.CAMINOTRAYECTO (idOrigen,idDestino,idTrayecto,orden) values (8,171,2,32);

--LINEA S1
INSERT INTO APLICACION_BUS.CAMINOTRAYECTO (idOrigen,idDestino,idTrayecto,orden) values (205,120,3,1);
INSERT INTO APLICACION_BUS.CAMINOTRAYECTO (idOrigen,idDestino,idTrayecto,orden) values (120,119,3,2);
INSERT INTO APLICACION_BUS.CAMINOTRAYECTO (idOrigen,idDestino,idTrayecto,orden) values (119,118,3,3);
INSERT INTO APLICACION_BUS.CAMINOTRAYECTO (idOrigen,idDestino,idTrayecto,orden) values (118,117,3,4);
INSERT INTO APLICACION_BUS.CAMINOTRAYECTO (idOrigen,idDestino,idTrayecto,orden) values (117,116,3,5);
INSERT INTO APLICACION_BUS.CAMINOTRAYECTO (idOrigen,idDestino,idTrayecto,orden) values (116,115,3,6);
INSERT INTO APLICACION_BUS.CAMINOTRAYECTO (idOrigen,idDestino,idTrayecto,orden) values (115,114,3,7);
INSERT INTO APLICACION_BUS.CAMINOTRAYECTO (idOrigen,idDestino,idTrayecto,orden) values (114,113,3,8);
INSERT INTO APLICACION_BUS.CAMINOTRAYECTO (idOrigen,idDestino,idTrayecto,orden) values (113,112,3,9);
INSERT INTO APLICACION_BUS.CAMINOTRAYECTO (idOrigen,idDestino,idTrayecto,orden) values (112,25,3,10);
INSERT INTO APLICACION_BUS.CAMINOTRAYECTO (idOrigen,idDestino,idTrayecto,orden) values (25,92,3,11);
INSERT INTO APLICACION_BUS.CAMINOTRAYECTO (idOrigen,idDestino,idTrayecto,orden) values (92,93,3,12);
INSERT INTO APLICACION_BUS.CAMINOTRAYECTO (idOrigen,idDestino,idTrayecto,orden) values (93,94,3,13);
INSERT INTO APLICACION_BUS.CAMINOTRAYECTO (idOrigen,idDestino,idTrayecto,orden) values (94,95,3,14);
INSERT INTO APLICACION_BUS.CAMINOTRAYECTO (idOrigen,idDestino,idTrayecto,orden) values (95,96,3,15);
INSERT INTO APLICACION_BUS.CAMINOTRAYECTO (idOrigen,idDestino,idTrayecto,orden) values (96,97,3,16);
INSERT INTO APLICACION_BUS.CAMINOTRAYECTO (idOrigen,idDestino,idTrayecto,orden) values (97,98,3,17);
INSERT INTO APLICACION_BUS.CAMINOTRAYECTO (idOrigen,idDestino,idTrayecto,orden) values (98,99,3,18);
INSERT INTO APLICACION_BUS.CAMINOTRAYECTO (idOrigen,idDestino,idTrayecto,orden) values (99,100,3,19);
INSERT INTO APLICACION_BUS.CAMINOTRAYECTO (idOrigen,idDestino,idTrayecto,orden) values (100,205,3,20);

--Linea S2
INSERT INTO APLICACION_BUS.CAMINOTRAYECTO (idOrigen,idDestino,idTrayecto,orden) values (205,120,4,1);
INSERT INTO APLICACION_BUS.CAMINOTRAYECTO (idOrigen,idDestino,idTrayecto,orden) values (120,119,4,2);
INSERT INTO APLICACION_BUS.CAMINOTRAYECTO (idOrigen,idDestino,idTrayecto,orden) values (119,118,4,3);
INSERT INTO APLICACION_BUS.CAMINOTRAYECTO (idOrigen,idDestino,idTrayecto,orden) values (118,117,4,4);
INSERT INTO APLICACION_BUS.CAMINOTRAYECTO (idOrigen,idDestino,idTrayecto,orden) values (117,116,4,5);
INSERT INTO APLICACION_BUS.CAMINOTRAYECTO (idOrigen,idDestino,idTrayecto,orden) values (116,115,4,6);
INSERT INTO APLICACION_BUS.CAMINOTRAYECTO (idOrigen,idDestino,idTrayecto,orden) values (115,114,4,7);
INSERT INTO APLICACION_BUS.CAMINOTRAYECTO (idOrigen,idDestino,idTrayecto,orden) values (114,113,4,8);
INSERT INTO APLICACION_BUS.CAMINOTRAYECTO (idOrigen,idDestino,idTrayecto,orden) values (113,112,4,9);
INSERT INTO APLICACION_BUS.CAMINOTRAYECTO (idOrigen,idDestino,idTrayecto,orden) values (112,25,4,10);
INSERT INTO APLICACION_BUS.CAMINOTRAYECTO (idOrigen,idDestino,idTrayecto,orden) values (25,92,4,11);
INSERT INTO APLICACION_BUS.CAMINOTRAYECTO (idOrigen,idDestino,idTrayecto,orden) values (92,93,4,12);
INSERT INTO APLICACION_BUS.CAMINOTRAYECTO (idOrigen,idDestino,idTrayecto,orden) values (93,94,4,13);
INSERT INTO APLICACION_BUS.CAMINOTRAYECTO (idOrigen,idDestino,idTrayecto,orden) values (94,95,4,14);

-- Linea S3

INSERT INTO APLICACION_BUS.CAMINOTRAYECTO (idOrigen,idDestino,idTrayecto,orden) values (195,194,5,1);
INSERT INTO APLICACION_BUS.CAMINOTRAYECTO (idOrigen,idDestino,idTrayecto,orden) values (194,69,5,2);
INSERT INTO APLICACION_BUS.CAMINOTRAYECTO (idOrigen,idDestino,idTrayecto,orden) values (69,68,5,3);
INSERT INTO APLICACION_BUS.CAMINOTRAYECTO (idOrigen,idDestino,idTrayecto,orden) values (68,67,5,4);
INSERT INTO APLICACION_BUS.CAMINOTRAYECTO (idOrigen,idDestino,idTrayecto,orden) values (67,66,5,5);
INSERT INTO APLICACION_BUS.CAMINOTRAYECTO (idOrigen,idDestino,idTrayecto,orden) values (66,65,5,6);
INSERT INTO APLICACION_BUS.CAMINOTRAYECTO (idOrigen,idDestino,idTrayecto,orden) values (65,94,5,7);
INSERT INTO APLICACION_BUS.CAMINOTRAYECTO (idOrigen,idDestino,idTrayecto,orden) values (94,85,5,8);
INSERT INTO APLICACION_BUS.CAMINOTRAYECTO (idOrigen,idDestino,idTrayecto,orden) values (85,86,5,9);
INSERT INTO APLICACION_BUS.CAMINOTRAYECTO (idOrigen,idDestino,idTrayecto,orden) values (86,135,5,10);
INSERT INTO APLICACION_BUS.CAMINOTRAYECTO (idOrigen,idDestino,idTrayecto,orden) values (135,136,5,11);
INSERT INTO APLICACION_BUS.CAMINOTRAYECTO (idOrigen,idDestino,idTrayecto,orden) values (136,127,5,12);
INSERT INTO APLICACION_BUS.CAMINOTRAYECTO (idOrigen,idDestino,idTrayecto,orden) values (127,128,5,13);
INSERT INTO APLICACION_BUS.CAMINOTRAYECTO (idOrigen,idDestino,idTrayecto,orden) values (128,177,5,14);
INSERT INTO APLICACION_BUS.CAMINOTRAYECTO (idOrigen,idDestino,idTrayecto,orden) values (177,178,5,15);
INSERT INTO APLICACION_BUS.CAMINOTRAYECTO (idOrigen,idDestino,idTrayecto,orden) values (178,179,5,16);
INSERT INTO APLICACION_BUS.CAMINOTRAYECTO (idOrigen,idDestino,idTrayecto,orden) values (179,180,5,17);
INSERT INTO APLICACION_BUS.CAMINOTRAYECTO (idOrigen,idDestino,idTrayecto,orden) values (180,209,5,18);
INSERT INTO APLICACION_BUS.CAMINOTRAYECTO (idOrigen,idDestino,idTrayecto,orden) values (209,200,5,19);
INSERT INTO APLICACION_BUS.CAMINOTRAYECTO (idOrigen,idDestino,idTrayecto,orden) values (200,199,5,20);
INSERT INTO APLICACION_BUS.CAMINOTRAYECTO (idOrigen,idDestino,idTrayecto,orden) values (199,198,5,21);
INSERT INTO APLICACION_BUS.CAMINOTRAYECTO (idOrigen,idDestino,idTrayecto,orden) values (198,197,5,22);
INSERT INTO APLICACION_BUS.CAMINOTRAYECTO (idOrigen,idDestino,idTrayecto,orden) values (197,196,5,23);

-- Linea B
INSERT INTO APLICACION_BUS.CAMINOTRAYECTO (idOrigen,idDestino,idTrayecto,orden) values (1,2,6,1);
INSERT INTO APLICACION_BUS.CAMINOTRAYECTO (idOrigen,idDestino,idTrayecto,orden) values (2,51,6,2);
INSERT INTO APLICACION_BUS.CAMINOTRAYECTO (idOrigen,idDestino,idTrayecto,orden) values (51,22,6,3);
INSERT INTO APLICACION_BUS.CAMINOTRAYECTO (idOrigen,idDestino,idTrayecto,orden) values (22,21,6,4);
INSERT INTO APLICACION_BUS.CAMINOTRAYECTO (idOrigen,idDestino,idTrayecto,orden) values (21,12,6,5);
INSERT INTO APLICACION_BUS.CAMINOTRAYECTO (idOrigen,idDestino,idTrayecto,orden) values (12,13,6,6);
INSERT INTO APLICACION_BUS.CAMINOTRAYECTO (idOrigen,idDestino,idTrayecto,orden) values (13,14,6,7);
INSERT INTO APLICACION_BUS.CAMINOTRAYECTO (idOrigen,idDestino,idTrayecto,orden) values (14,15,6,8);
INSERT INTO APLICACION_BUS.CAMINOTRAYECTO (idOrigen,idDestino,idTrayecto,orden) values (15,16,6,9);
INSERT INTO APLICACION_BUS.CAMINOTRAYECTO (idOrigen,idDestino,idTrayecto,orden) values (16,121,6,10);
INSERT INTO APLICACION_BUS.CAMINOTRAYECTO (idOrigen,idDestino,idTrayecto,orden) values (121,122,6,11);
INSERT INTO APLICACION_BUS.CAMINOTRAYECTO (idOrigen,idDestino,idTrayecto,orden) values (122,57,6,12);
INSERT INTO APLICACION_BUS.CAMINOTRAYECTO (idOrigen,idDestino,idTrayecto,orden) values (57,58,6,13);
INSERT INTO APLICACION_BUS.CAMINOTRAYECTO (idOrigen,idDestino,idTrayecto,orden) values (58,163,6,14);
INSERT INTO APLICACION_BUS.CAMINOTRAYECTO (idOrigen,idDestino,idTrayecto,orden) values (163,78,6,15);
INSERT INTO APLICACION_BUS.CAMINOTRAYECTO (idOrigen,idDestino,idTrayecto,orden) values (78,77,6,16);
INSERT INTO APLICACION_BUS.CAMINOTRAYECTO (idOrigen,idDestino,idTrayecto,orden) values (77,76,6,17);
INSERT INTO APLICACION_BUS.CAMINOTRAYECTO (idOrigen,idDestino,idTrayecto,orden) values (76,103,6,18);
INSERT INTO APLICACION_BUS.CAMINOTRAYECTO (idOrigen,idDestino,idTrayecto,orden) values (103,102,6,19);
INSERT INTO APLICACION_BUS.CAMINOTRAYECTO (idOrigen,idDestino,idTrayecto,orden) values (102,35,6,20);
INSERT INTO APLICACION_BUS.CAMINOTRAYECTO (idOrigen,idDestino,idTrayecto,orden) values (35,82,6,21);
INSERT INTO APLICACION_BUS.CAMINOTRAYECTO (idOrigen,idDestino,idTrayecto,orden) values (82,83,6,22);
INSERT INTO APLICACION_BUS.CAMINOTRAYECTO (idOrigen,idDestino,idTrayecto,orden) values (83,74,6,23);
INSERT INTO APLICACION_BUS.CAMINOTRAYECTO (idOrigen,idDestino,idTrayecto,orden) values (74,63,6,24);
INSERT INTO APLICACION_BUS.CAMINOTRAYECTO (idOrigen,idDestino,idTrayecto,orden) values (63,62,6,25);


-- Linea C
INSERT INTO APLICACION_BUS.CAMINOTRAYECTO (idOrigen,idDestino,idTrayecto,orden) values (27,132,7,1);
INSERT INTO APLICACION_BUS.CAMINOTRAYECTO (idOrigen,idDestino,idTrayecto,orden) values (132,133,7,2);
INSERT INTO APLICACION_BUS.CAMINOTRAYECTO (idOrigen,idDestino,idTrayecto,orden) values (133,66,7,3);
INSERT INTO APLICACION_BUS.CAMINOTRAYECTO (idOrigen,idDestino,idTrayecto,orden) values (66,65,7,4);
INSERT INTO APLICACION_BUS.CAMINOTRAYECTO (idOrigen,idDestino,idTrayecto,orden) values (65,94,7,5);
INSERT INTO APLICACION_BUS.CAMINOTRAYECTO (idOrigen,idDestino,idTrayecto,orden) values (94,85,7,6);
INSERT INTO APLICACION_BUS.CAMINOTRAYECTO (idOrigen,idDestino,idTrayecto,orden) values (85,86,7,7);
INSERT INTO APLICACION_BUS.CAMINOTRAYECTO (idOrigen,idDestino,idTrayecto,orden) values (86,135,7,8);
INSERT INTO APLICACION_BUS.CAMINOTRAYECTO (idOrigen,idDestino,idTrayecto,orden) values (135,136,7,9);
INSERT INTO APLICACION_BUS.CAMINOTRAYECTO (idOrigen,idDestino,idTrayecto,orden) values (136,127,7,10);
INSERT INTO APLICACION_BUS.CAMINOTRAYECTO (idOrigen,idDestino,idTrayecto,orden) values (127,128,7,11);
INSERT INTO APLICACION_BUS.CAMINOTRAYECTO (idOrigen,idDestino,idTrayecto,orden) values (128,129,7,12);
INSERT INTO APLICACION_BUS.CAMINOTRAYECTO (idOrigen,idDestino,idTrayecto,orden) values (129,196,7,13);
INSERT INTO APLICACION_BUS.CAMINOTRAYECTO (idOrigen,idDestino,idTrayecto,orden) values (196,109,7,14);
INSERT INTO APLICACION_BUS.CAMINOTRAYECTO (idOrigen,idDestino,idTrayecto,orden) values (109,108,7,15);
INSERT INTO APLICACION_BUS.CAMINOTRAYECTO (idOrigen,idDestino,idTrayecto,orden) values (108,155,7,16);
INSERT INTO APLICACION_BUS.CAMINOTRAYECTO (idOrigen,idDestino,idTrayecto,orden) values (155,88,7,17);

INSERT INTO aplicacion_bus.incidencias(id, idparada, inicio, fin, descripcion, resuelta) VALUES (1, 96, '11-10-2022','13-10-2022','Calle cortada', true);
INSERT INTO aplicacion_bus.incidencias(id, idparada, inicio, fin, descripcion, resuelta) VALUES (2, 125, '11-10-2022','13-11-2022','Parada inhabilitada por refacciones', false);
